"","Study","Strain","Dose","Mouse","Gametocyte","iRBC","RBC"
"1","emph2018","As6p",1e+06,1,12.51290989,12353.90693675,9734000
"2","emph2018","As6p",1e+06,1,22.5064642,91041.5342433,9034000
"3","emph2018","As6p",1e+06,1,32.9437373,317875.0415734,8945000
"4","emph2018","As6p",1e+06,1,813.675458,704275.7083651,8655000
"5","emph2018","As6p",1e+06,1,947.811401,1016266.455001,4739000
"6","emph2018","As6p",1e+06,1,2011.96055,356793.7129295,3190400
"7","emph2018","As6p",1e+06,1,573.144749,42433.376151,4127000
"8","emph2018","As6p",1e+06,1,181.650193,2168.711427,5027000
"9","emph2018","As6p",1e+06,1,322.215207,1375.207913,5496000
"10","emph2018","As6p",1e+06,1,500.56441,58.245882,5880000
"11","emph2018","As6p",1e+06,1,109.2849185,82.2832975,5870000
"12","emph2018","As6p",1e+06,1,13.28949994,159.07027606,6863000
"13","emph2018","As6p",1e+06,1,4.69410781,136.12020219,7633000
"14","emph2018","As6p",1e+06,1,3.29387358,88.42585642,7422000
"15","emph2018","As6p",1e+06,1,2.20896249,316.41075051,8139000
"16","emph2018","As6p",1e+06,1,0,324.667174,8260000
"17","emph2018","As6p",1e+06,1,0,0,8038000
"18","emph2018","As6p",1e+06,1,0,184.676246,7669000
"19","emph2018","As6p",1e+06,1,0,48.6415486,8578000
"20","emph2018","As6p",1e+06,2,17.0155317,8404.3344581,9241000
"21","emph2018","As6p",1e+06,2,48.8336457,55478.90670267,9418000
"22","emph2018","As6p",1e+06,2,279.268041,225937.4858797,7992000
"23","emph2018","As6p",1e+06,2,984.045125,358511.9427444,8024000
"24","emph2018","As6p",1e+06,2,531.752335,671959.9015641,6063000
"25","emph2018","As6p",1e+06,2,1297.480556,192241.424889,4338000
"26","emph2018","As6p",1e+06,2,498.085095,17590.281305,3901000
"27","emph2018","As6p",1e+06,2,79.83823,9994.608835,4663000
"28","emph2018","As6p",1e+06,2,297.14626,1763.38147,5401000
"29","emph2018","As6p",1e+06,2,924.571574,104.044956,6108000
"30","emph2018","As6p",1e+06,2,351.799794,828.851196,5838000
"31","emph2018","As6p",1e+06,2,88.6640198,219.6565662,6839000
"32","emph2018","As6p",1e+06,2,18.4160946,59.7389594,6302000
"33","emph2018","As6p",1e+06,2,0,0,7382000
"34","emph2018","As6p",1e+06,2,0,15.4281916,7264000
"35","emph2018","As6p",1e+06,2,0,0,7068000
"36","emph2018","As6p",1e+06,2,0,363.159997,7927000
"37","emph2018","As6p",1e+06,2,0,0,6621000
"38","emph2018","As6p",1e+06,2,0,0,6959000
"39","emph2018","As6p",1e+06,3,5.048657,1175.129980673,10030000
"40","emph2018","As6p",1e+06,3,13.97230472,7835.007514622,9274000
"41","emph2018","As6p",1e+06,3,12.00641513,60287.80528485,8350000
"42","emph2018","As6p",1e+06,3,359.057685,266035.1267175,9552000
"43","emph2018","As6p",1e+06,3,1265.200875,579264.9226819,6743000
"44","emph2018","As6p",1e+06,3,777.560341,765986.1134468,5043000
"45","emph2018","As6p",1e+06,3,661.606994,148947.245006,3980000
"46","emph2018","As6p",1e+06,3,307.083526,76132.683619,3881000
"47","emph2018","As6p",1e+06,3,179.86823,3090.81406,4158000
"48","emph2018","As6p",1e+06,3,94.2848484,244.3781066,6385000
"49","emph2018","As6p",1e+06,3,131.1611937,22.0912093,6974000
"50","emph2018","As6p",1e+06,3,66.084105,39.03414,7610000
"51","emph2018","As6p",1e+06,3,40.8288164,148.4257076,7562000
"52","emph2018","As6p",1e+06,3,17.388072,376.412356,8250000
"53","emph2018","As6p",1e+06,3,5.92510557,396.62475543,8664000
"54","emph2018","As6p",1e+06,3,3.96380307,561.52090793,8688000
"55","emph2018","As6p",1e+06,3,3.27882621,36.12285749,8274000
"56","emph2018","As6p",1e+06,3,0,223.885103,8060000
"57","emph2018","As6p",1e+06,3,8.13641162,113.31928538,7729000
"58","emph2018","As6p",1e+06,4,66.7252973,28276.54767577,8608000
"59","emph2018","As6p",1e+06,4,107.3274743,197554.0416309,8634000
"60","emph2018","As6p",1e+06,4,819.228552,778743.9908286,8554000
"61","emph2018","As6p",1e+06,4,2716.74335,4048595.168714,6320000
"62","emph2018","As6p",1e+06,4,165.866888,1476483.783207,3432000
"63","emph2018","As6p",1e+06,4,1992.06887,849627.671786,2500000
"64","emph2018","As6p",1e+06,4,811.22901,107884.90199,2187000
"65","emph2018","As6p",1e+06,4,142.965734,76903.263366,2633000
"66","emph2018","As6p",1e+06,4,212.846692,45183.480508,3942000
"67","emph2018","As6p",1e+06,4,2904.89978,25597.42172,5037000
"68","emph2018","As6p",1e+06,4,5161.21933,39952.12027,4190000
"69","emph2018","As6p",1e+06,4,3740.36463,32061.33537,5460000
"70","emph2018","As6p",1e+06,4,1051.761148,13977.644052,5161000
"71","emph2018","As6p",1e+06,4,328.359907,2789.522783,5902000
"72","emph2018","As6p",1e+06,4,69.6989034,603.9440566,6142000
"73","emph2018","As6p",1e+06,4,3.45114932,224.87290768,6047000
"74","emph2018","As6p",1e+06,4,5.7208586,227.1563524,7265000
"75","emph2018","As6p",1e+06,4,0,27.4541368,6517000
"76","emph2018","As6p",1e+06,4,0,0,6921000
"77","emph2018","As6p",1e+06,5,0,7027.926520077,9671000
"78","emph2018","As6p",1e+06,5,107.6535721,49982.78866206,9914000
"79","emph2018","As6p",1e+06,5,349.351917,186835.9095947,9541000
"80","emph2018","As6p",1e+06,5,1403.160822,393633.0928702,8755000
"81","emph2018","As6p",1e+06,5,132.5701877,624721.7258602,6341000
"82","emph2018","As6p",1e+06,5,376.388597,238715.9830767,3397600
"83","emph2018","As6p",1e+06,5,213.6355,13205.6068,3556000
"84","emph2018","As6p",1e+06,5,44.3285803,6826.7313997,3695000
"85","emph2018","As6p",1e+06,5,15.3065906,307.5710694,6154000
"86","emph2018","As6p",1e+06,5,63.2916961,98.1488469,6751000
"87","emph2018","As6p",1e+06,5,105.8994746,1.12819440000001,6613000
"88","emph2018","As6p",1e+06,5,27.1379961,331.8205829,6621000
"89","emph2018","As6p",1e+06,5,22.2472436,514.7656944,7827000
"90","emph2018","As6p",1e+06,5,6.26483603,569.88558397,8400000
"91","emph2018","As6p",1e+06,5,18.5286998,919.6528502,8190000
"92","emph2018","As6p",1e+06,5,10.4841443,469.1667047,7355000
"93","emph2018","As6p",1e+06,5,4.25463315,16.69872575,7540000
"94","emph2018","As6p",1e+06,5,0,31.2387248,7946000
"95","emph2018","As6p",1e+06,5,3.08871205,0,7744000
"96","emph2018","As6p",1e+05,1,0,811.981289522,9486000
"97","emph2018","As6p",1e+05,1,3.27921204,5453.101684484,9207000
"98","emph2018","As6p",1e+05,1,12.67231484,22131.77166372,9298000
"99","emph2018","As6p",1e+05,1,90.7880854,52488.50863258,8594000
"100","emph2018","As6p",1e+05,1,196.077377,263546.1020364,8274000
"101","emph2018","As6p",1e+05,1,1013.176719,646886.1281997,6695000
"102","emph2018","As6p",1e+05,1,979.580929,170508.278071,4978000
"103","emph2018","As6p",1e+05,1,384.755392,63204.659608,4398000
"104","emph2018","As6p",1e+05,1,116.5911097,9595.7191903,5201000
"105","emph2018","As6p",1e+05,1,174.256547,1873.435103,4458000
"106","emph2018","As6p",1e+05,1,372.690345,299.485145,6901000
"107","emph2018","As6p",1e+05,1,161.754226,1007.550994,6932000
"108","emph2018","As6p",1e+05,1,54.5022029,482.5107351,7358000
"109","emph2018","As6p",1e+05,1,9.86677343,116.98887057,7711000
"110","emph2018","As6p",1e+05,1,5.85274101,2.27852739,7890000
"111","emph2018","As6p",1e+05,1,0,19.3128188,9494000
"112","emph2018","As6p",1e+05,1,0,0,7437000
"113","emph2018","As6p",1e+05,1,0,0,8421000
"114","emph2018","As6p",1e+05,1,0,0,8077000
"115","emph2018","As6p",1e+05,2,0,3336.24979175,9682000
"116","emph2018","As6p",1e+05,2,63.340425,18410.0553291,8221000
"117","emph2018","As6p",1e+05,2,217.753878,101135.4511357,9082000
"118","emph2018","As6p",1e+05,2,1162.04851,453955.8354525,7932000
"119","emph2018","As6p",1e+05,2,1748.3815,1252042.210341,6778000
"120","emph2018","As6p",1e+05,2,7852.58364,1744558.64718,4347000
"121","emph2018","As6p",1e+05,2,2208.10509,387089.41691,2459000
"122","emph2018","As6p",1e+05,2,990.131236,85458.697764,2510000
"123","emph2018","As6p",1e+05,2,216.196268,16051.251132,4342000
"124","emph2018","As6p",1e+05,2,596.787554,5081.339226,4883000
"125","emph2018","As6p",1e+05,2,723.944261,2719.756739,5204000
"126","emph2018","As6p",1e+05,2,491.688891,311.365509,4850000
"127","emph2018","As6p",1e+05,2,176.407192,0,6209000
"128","emph2018","As6p",1e+05,2,25.6325446,96.2045804,6494000
"129","emph2018","As6p",1e+05,2,7.2771825,36.4429171,6621000
"130","emph2018","As6p",1e+05,2,0,57.827454,7262000
"131","emph2018","As6p",1e+05,2,0,27.2643364,7462000
"132","emph2018","As6p",1e+05,2,0,5.7856575,8053000
"133","emph2018","As6p",1e+05,2,0,12.9920201,7934000
"134","emph2018","As6p",1e+05,3,0,2613.879888387,9952000
"135","emph2018","As6p",1e+05,3,11.49471881,9938.3391962,9913000
"136","emph2018","As6p",1e+05,3,58.4999733,31049.02488908,8748000
"137","emph2018","As6p",1e+05,3,63.6503751,74751.05320236,8399000
"138","emph2018","As6p",1e+05,3,327.735434,171337.1868403,7903000
"139","emph2018","As6p",1e+05,3,705.981731,349133.6974628,7624000
"140","emph2018","As6p",1e+05,3,339.418938,122158.924062,5991000
"141","emph2018","As6p",1e+05,3,135.1792559,97938.6387441,4785000
"142","emph2018","As6p",1e+05,3,264.840857,14896.465343,4820000
"143","emph2018","As6p",1e+05,3,1227.489565,7748.116535,7668000
"144","emph2018","As6p",1e+05,3,1307.147741,863.617249,6942000
"145","emph2018","As6p",1e+05,3,497.039067,0,7422000
"146","emph2018","As6p",1e+05,3,154.790709,47.105755,6449000
"147","emph2018","As6p",1e+05,3,85.5493714,167.6143276,7141000
"148","emph2018","As6p",1e+05,3,20.4965757,0.4523294,6743000
"149","emph2018","As6p",1e+05,3,0,31.5581993,7282000
"150","emph2018","As6p",1e+05,3,0,0,7086000
"151","emph2018","As6p",1e+05,3,0,0,7800000
"152","emph2018","As6p",1e+05,3,0,0,7226000
"153","emph2018","As6p",1e+05,4,0,862.116080207,9930000
"154","emph2018","As6p",1e+05,4,0,3908.676611689,9814000
"155","emph2018","As6p",1e+05,4,13.41295125,14894.05982956,9714000
"156","emph2018","As6p",1e+05,4,68.9385325,36040.33086303,8824000
"157","emph2018","As6p",1e+05,4,101.6809237,204617.4042358,7886000
"158","emph2018","As6p",1e+05,4,1185.2126,323968.2413306,7391000
"159","emph2018","As6p",1e+05,4,192.024733,159464.714267,5524000
"160","emph2018","As6p",1e+05,4,124.2189688,43013.5177312,4553000
"161","emph2018","As6p",1e+05,4,73.8685825,14397.8409175,5271000
"162","emph2018","As6p",1e+05,4,450.799485,6278.492615,6198000
"163","emph2018","As6p",1e+05,4,1031.76658,1155.02067,6651000
"164","emph2018","As6p",1e+05,4,677.140224,481.173246,7163000
"165","emph2018","As6p",1e+05,4,237.172559,0,6826000
"166","emph2018","As6p",1e+05,4,53.7188251,182.8853029,7123000
"167","emph2018","As6p",1e+05,4,12.53655984,15.84807856,7010000
"168","emph2018","As6p",1e+05,4,0,13.524706,9455000
"169","emph2018","As6p",1e+05,4,0,0,7212000
"170","emph2018","As6p",1e+05,4,0,0,7343000
"171","emph2018","As6p",1e+05,4,0,0,8077000
"172","emph2018","As6p",1e+05,5,2.94861289,1159.264046523,9493000
"173","emph2018","As6p",1e+05,5,25.7361471,5201.101052412,9460000
"174","emph2018","As6p",1e+05,5,29.6047359,34350.31786036,8126000
"175","emph2018","As6p",1e+05,5,85.4530568,120274.4621107,8257000
"176","emph2018","As6p",1e+05,5,728.176959,389737.2728948,7363000
"177","emph2018","As6p",1e+05,5,1033.650002,664961.1177047,5324000
"178","emph2018","As6p",1e+05,5,773.479117,219301.911883,4586000
"179","emph2018","As6p",1e+05,5,717.317988,58233.293012,3998000
"180","emph2018","As6p",1e+05,5,469.689436,19005.750164,4987000
"181","emph2018","As6p",1e+05,5,1425.343189,2158.001571,6079000
"182","emph2018","As6p",1e+05,5,1086.019994,0,6849000
"183","emph2018","As6p",1e+05,5,556.661234,0,7224000
"184","emph2018","As6p",1e+05,5,90.3273758,519.7461542,6547000
"185","emph2018","As6p",1e+05,5,28.0419815,134.8340555,6859000
"186","emph2018","As6p",1e+05,5,2.32396841,35.07710259,8082000
"187","emph2018","As6p",1e+05,5,0,46.7196197,7529000
"188","emph2018","As6p",1e+05,5,0,12.3649479,7130000
"189","emph2018","As6p",1e+05,5,0,11.9961961,7213000
"190","emph2018","As6p",1e+05,5,0,0,7434000
"191","emph2018","As6p",1000,1,0,0,8117000
"192","emph2018","As6p",1000,1,0,0,9264000
"193","emph2018","As6p",1000,1,0,6.387447487891,9223000
"194","emph2018","As6p",1000,1,0,118.9906162839,9158000
"195","emph2018","As6p",1000,1,0,370.3273686366,8426000
"196","emph2018","As6p",1000,1,0,2455.034743663,9121000
"197","emph2018","As6p",1000,1,32.5660526,181979.7885655,8865000
"198","emph2018","As6p",1000,1,140.6353208,42017.8934792,9005000
"199","emph2018","As6p",1000,1,791.497378,111834.826622,8626000
"200","emph2018","As6p",1000,1,1209.472733,594531.957267,7377000
"201","emph2018","As6p",1000,1,478.732148,701411.597852,5536000
"202","emph2018","As6p",1000,1,165.311007,237941.688993,4081000
"203","emph2018","As6p",1000,1,178.156288,667.220632,2630000
"204","emph2018","As6p",1000,1,90.5227201,7355.9453799,3343000
"205","emph2018","As6p",1000,1,17.1075593,892.9579507,4659000
"206","emph2018","As6p",1000,1,55.6143936,181.0491184,6211000
"207","emph2018","As6p",1000,1,70.0635842,214.5650698,6686000
"208","emph2018","As6p",1000,1,29.577442,125.972665,7329000
"209","emph2018","As6p",1000,1,39.9129703,1221.6258797,8038000
"210","emph2018","As6p",1000,2,0,13.53963059815,8639000
"211","emph2018","As6p",1000,2,0,108.0289417104,8638000
"212","emph2018","As6p",1000,2,0,533.7554563735,9744000
"213","emph2018","As6p",1000,2,0,2366.475419294,9610000
"214","emph2018","As6p",1000,2,10.88446436,12371.2353813,7931000
"215","emph2018","As6p",1000,2,189.97126,69076.64400398,9440000
"216","emph2018","As6p",1000,2,483.935137,209341.6960955,9018000
"217","emph2018","As6p",1000,2,496.030193,177698.794807,6371000
"218","emph2018","As6p",1000,2,471.422813,174117.537187,5296000
"219","emph2018","As6p",1000,2,452.422829,73753.595171,4589000
"220","emph2018","As6p",1000,2,1284.908214,16156.229686,4660000
"221","emph2018","As6p",1000,2,1125.213177,3496.797713,5463000
"222","emph2018","As6p",1000,2,919.345721,0,6655000
"223","emph2018","As6p",1000,2,696.493171,213.047019,6798000
"224","emph2018","As6p",1000,2,260.373803,0,7027000
"225","emph2018","As6p",1000,2,101.7182206,0,6705000
"226","emph2018","As6p",1000,2,7.22565276,24.49048514,7042000
"227","emph2018","As6p",1000,2,2.31876685,0,7389000
"228","emph2018","As6p",1000,2,0,0,8243000
"229","emph2018","As6p",1000,3,0,13.22514505077,9365000
"230","emph2018","As6p",1000,3,0,42.97308236915,9573000
"231","emph2018","As6p",1000,3,0,350.6934678003,9066000
"232","emph2018","As6p",1000,3,0,1537.798718443,8878000
"233","emph2018","As6p",1000,3,0,10289.48801752,8980000
"234","emph2018","As6p",1000,3,164.909458,55755.57364936,9018000
"235","emph2018","As6p",1000,3,588.139246,178344.9114406,9587000
"236","emph2018","As6p",1000,3,969.212105,238778.841895,7428000
"237","emph2018","As6p",1000,3,490.680017,274304.211983,5250000
"238","emph2018","As6p",1000,3,64.5569327,195379.0360673,4355000
"239","emph2018","As6p",1000,3,986.001426,52450.348374,3459000
"240","emph2018","As6p",1000,3,665.976876,3112.741244,5644000
"241","emph2018","As6p",1000,3,268.712018,2201.765162,6992000
"242","emph2018","As6p",1000,3,181.49729,0,7392000
"243","emph2018","As6p",1000,3,96.0195115,0,6596000
"244","emph2018","As6p",1000,3,21.4074203,0,8797000
"245","emph2018","As6p",1000,3,5.64500728,0,8539000
"246","emph2018","As6p",1000,3,0,0,7389000
"247","emph2018","As6p",1000,3,0,0,7493000
"248","emph2018","As6p",1000,4,0,44.32668125373,9855000
"249","emph2018","As6p",1000,4,0,241.6982477997,9796000
"250","emph2018","As6p",1000,4,0,1299.336774565,9168000
"251","emph2018","As6p",1000,4,12.91534487,10797.3432587,7618000
"252","emph2018","As6p",1000,4,10.87237502,35669.722305,9289000
"253","emph2018","As6p",1000,4,406.140377,125502.9960936,8923000
"254","emph2018","As6p",1000,4,751.936942,360161.906509,7600000
"255","emph2018","As6p",1000,4,674.65948,210066.02352,5785000
"256","emph2018","As6p",1000,4,642.695608,18700.900092,5094000
"257","emph2018","As6p",1000,4,387.694845,14526.710955,4831000
"258","emph2018","As6p",1000,4,293.199362,5992.882538,5627000
"259","emph2018","As6p",1000,4,283.162066,1453.848484,7338000
"260","emph2018","As6p",1000,4,335.493475,78362.581525,7510000
"261","emph2018","As6p",1000,4,274.15365,136.157814,7323000
"262","emph2018","As6p",1000,4,81.5866115,448.2585635,7985000
"263","emph2018","As6p",1000,4,35.889335,0,7783000
"264","emph2018","As6p",1000,4,11.2182216,14.3219803,7931000
"265","emph2018","As6p",1000,4,5.78079086,9.61051414,8185000
"266","emph2018","As6p",1000,4,0,10.6693634,8040000
"267","emph2018","As6p",1000,5,0,5.315315596051,8995000
"268","emph2018","As6p",1000,5,0,42.99752257381,9677000
"269","emph2018","As6p",1000,5,0,212.4614506556,8743000
"270","emph2018","As6p",1000,5,0,1428.157694359,9211000
"271","emph2018","As6p",1000,5,0,5309.18935932,7411000
"272","emph2018","As6p",1000,5,6.3783415,19957.62711337,9239000
"273","emph2018","As6p",1000,5,129.733194,92281.755883,7641000
"274","emph2018","As6p",1000,5,151.086741,120063.256259,7800000
"275","emph2018","As6p",1000,5,944.15459,12217.22411,5574000
"276","emph2018","As6p",1000,5,517.881032,117773.333968,5401000
"277","emph2018","As6p",1000,5,304.286973,48248.242727,5366000
"278","emph2018","As6p",1000,5,519.051383,4771.394947,5e+06
"279","emph2018","As6p",1000,5,244.839144,0,6610000
"280","emph2018","As6p",1000,5,149.810644,83.349783,6864000
"281","emph2018","As6p",1000,5,48.9812614,7.0203059,7753000
"282","emph2018","As6p",1000,5,16.0130882,3.5393793,7657000
"283","emph2018","As6p",1000,5,0,0,7657000
"284","emph2018","As6p",1000,5,0,0,7867000
"285","emph2018","As6p",1000,5,0,0,8425000
"286","emph2018","As6p",10,1,0,0,10120000
"287","emph2018","As6p",10,1,0,0,8941000
"288","emph2018","As6p",10,1,0,18.0355761938,8167000
"289","emph2018","As6p",10,1,0,76.85546066657,8210000
"290","emph2018","As6p",10,1,0,520.7471169793,8034000
"291","emph2018","As6p",10,1,0,3426.629992294,7519000
"292","emph2018","As6p",10,1,43.6475189,11783.6467811,7408000
"293","emph2018","As6p",10,1,229.474536,44045.6306078864,7954000
"294","emph2018","As6p",10,1,959.354863,164769.099788504,7718000
"295","emph2018","As6p",10,1,2737.52101,617608.29899,6568000
"296","emph2018","As6p",10,1,1844.58178,1034434.76822,4722000
"297","emph2018","As6p",10,1,2248.74585,242774.77715,3626000
"298","emph2018","As6p",10,1,1279.285099,28122.018801,2986000
"299","emph2018","As6p",10,1,705.441569,6848.774231,4188000
"300","emph2018","As6p",10,1,238.298611,1596.461429,5811000
"301","emph2018","As6p",10,1,247.564247,617.780543,5959000
"302","emph2018","As6p",10,1,238.734456,237.134089,6317000
"303","emph2018","As6p",10,1,124.5755043,453.7903957,7653000
"304","emph2018","As6p",10,1,67.613135,632.073135,7758000
"305","emph2018","As6p",10,2,0,0,9583000
"306","emph2018","As6p",10,2,0,5.128307566487,9331000
"307","emph2018","As6p",10,2,0,2.172418575737,8833000
"308","emph2018","As6p",10,2,0,20.54862809879,9352000
"309","emph2018","As6p",10,2,0,130.026744461,9273000
"310","emph2018","As6p",10,2,2.56098235,810.350977217,9194000
"311","emph2018","As6p",10,2,0,13603.2185,9154000
"312","emph2018","As6p",10,2,25.8656145,19150.0273855,8343000
"313","emph2018","As6p",10,2,117.3634842,50503.3853158,9096000
"314","emph2018","As6p",10,2,866.226933,225290.885067,8168000
"315","emph2018","As6p",10,2,1264.12198,558102.32402,6649000
"316","emph2018","As6p",10,2,933.901515,612063.148485,5298000
"317","emph2018","As6p",10,2,1500.63577,277150.79023,3924000
"318","emph2018","As6p",10,2,1066.452697,91691.355303,3108000
"319","emph2018","As6p",10,2,220.317504,18719.352796,5633000
"320","emph2018","As6p",10,2,380.395513,7588.594687,5913000
"321","emph2018","As6p",10,2,1036.01071,1154.93913,4777000
"322","emph2018","As6p",10,2,578.686411,731.530189,6513000
"323","emph2018","As6p",10,2,174.648093,119.2359,7464000
"324","emph2018","As6p",10,3,0,0,9727000
"325","emph2018","As6p",10,3,0,0,9434000
"326","emph2018","As6p",10,3,0,0,9150000
"327","emph2018","As6p",10,3,0,27.91734980378,9204000
"328","emph2018","As6p",10,3,0,131.2333784063,8036000
"329","emph2018","As6p",10,3,0,849.110977926,8803000
"330","emph2018","As6p",10,3,0,4644.04007,9080000
"331","emph2018","As6p",10,3,30.8381058,19793.2540942,8444000
"332","emph2018","As6p",10,3,99.6916128,105501.0483872,8779000
"333","emph2018","As6p",10,3,457.953059,243345.342941,8110000
"334","emph2018","As6p",10,3,677.541773,550886.760227,6593000
"335","emph2018","As6p",10,3,436.349437,294666.728563,5933000
"336","emph2018","As6p",10,3,397.915053,71787.904947,4313000
"337","emph2018","As6p",10,3,226.742288,16490.025012,4905000
"338","emph2018","As6p",10,3,70.3758207,6236.4904793,5809000
"339","emph2018","As6p",10,3,187.257589,1388.257031,7221000
"340","emph2018","As6p",10,3,363.143196,21.765049,7259000
"341","emph2018","As6p",10,3,209.212745,219.583131,7079000
"342","emph2018","As6p",10,3,92.4318641,104.8457809,7241000
"343","emph2018","As6p",10,4,0,0,9354000
"344","emph2018","As6p",10,4,0,0,9612000
"345","emph2018","As6p",10,4,0,37.67392806075,9478000
"346","emph2018","As6p",10,4,0,77.85216782085,8261000
"347","emph2018","As6p",10,4,0,428.7483598353,9171000
"348","emph2018","As6p",10,4,0,3857.959140628,7142000
"349","emph2018","As6p",10,4,43.944608,10303.146392,8917000
"350","emph2018","As6p",10,4,208.156714,56708.380986,7376000
"351","emph2018","As6p",10,4,335.066204,257325.257796,8788000
"352","emph2018","As6p",10,4,1499.46399,554043.56601,7262000
"353","emph2018","As6p",10,4,3303.74797,707654.06203,5837000
"354","emph2018","As6p",10,4,3041.42644,192454.12756,4483000
"355","emph2018","As6p",10,4,1893.2821,15942.3597,4588000
"356","emph2018","As6p",10,4,710.891775,4128.675825,5253000
"357","emph2018","As6p",10,4,243.440153,981.640347,6494000
"358","emph2018","As6p",10,4,94.1566671,349.2448179,5185000
"359","emph2018","As6p",10,4,93.0780579,125.3174511,4999000
"360","emph2018","As6p",10,4,17.7686147,247.9410963,7470000
"361","emph2018","As6p",10,4,7.82424657,160.43746243,8055000
"362","emph2018","As6p",10,5,0,0,9495000
"363","emph2018","As6p",10,5,0,0,9192000
"364","emph2018","As6p",10,5,0,25.77203395831,9206000
"365","emph2018","As6p",10,5,0,83.0230515187,8187000
"366","emph2018","As6p",10,5,2.27784029,413.0211234776,8222000
"367","emph2018","As6p",10,5,0,3800.411360715,6587000
"368","emph2018","As6p",10,5,26.3976312,8374.4969688,8601000
"369","emph2018","As6p",10,5,147.035526,59063.380474,7268000
"370","emph2018","As6p",10,5,512.02499,290816.74301,7270000
"371","emph2018","As6p",10,5,903.54241,327332.95259,6093000
"372","emph2018","As6p",10,5,1074.155007,255684.559993,4904000
"373","emph2018","As6p",10,5,350.509407,62570.264593,4031000
"374","emph2018","As6p",10,5,227.406773,5318.128097,3458000
"375","emph2018","As6p",10,5,84.7234094,799.9440206,5010000
"376","emph2018","As6p",10,5,18.7877775,175.9826065,6968000
"377","emph2018","As6p",10,5,24.4629081,0,7972000
"378","emph2018","As6p",10,5,22.9827499,0,5085000
"379","emph2018","As6p",10,5,6.43262921,1.45487929,8247000
"380","emph2018","As6p",10,5,0,7.4888363,8474000
"381","emph2018","As6p",10,1,0,0,9628000
"382","emph2018","As6p",10,1,0,5.00223010013,9458000
"383","emph2018","As6p",10,1,0,0,8464000
"384","emph2018","As6p",10,1,0,4.85914969669,8768000
"385","emph2018","As6p",10,1,0,68.34241944538,7996000
"386","emph2018","As6p",10,1,0,206.1369407411,7980000
"387","emph2018","As6p",10,1,0,871.382316742,8945000
"388","emph2018","As6p",10,1,19.8818199,2761.2422001,9359000
"389","emph2018","As6p",10,1,76.6549896,24063.8546104,9168000
"390","emph2018","As6p",10,1,411.186176,209784.191824,8790000
"391","emph2018","As6p",10,1,1422.793853,396110.832147,7870000
"392","emph2018","As6p",10,1,498.183696,316406.816304,5045000
"393","emph2018","As6p",10,1,962.308606,116345.644394,5011000
"394","emph2018","As6p",10,1,995.538572,47175.962828,4825000
"395","emph2018","As6p",10,1,266.076942,6018.063558,5670000
"396","emph2018","As6p",10,1,106.8446152,1494.1765748,7092000
"397","emph2018","As6p",10,1,94.2737022,377.1433268,7288000
"398","emph2018","As6p",10,1,113.2355319,154.2037381,7166000
"399","emph2018","As6p",10,1,42.0118855,76.0806215,8600000
"400","emph2018","As6p",10,2,0,0,8242000
"401","emph2018","As6p",10,2,0,0,9470000
"402","emph2018","As6p",10,2,0,0,8830000
"403","emph2018","As6p",10,2,0,0,7873000
"404","emph2018","As6p",10,2,0,6.681247881923,7066000
"405","emph2018","As6p",10,2,0,18.78707202318,8531000
"406","emph2018","As6p",10,2,0,119.1476162741,7304000
"407","emph2018","As6p",10,2,0,407.609492,7486000
"408","emph2018","As6p",10,2,11.77534583,2727.32307417,7349000
"409","emph2018","As6p",10,2,40.2074872,40426.2199128,8382000
"410","emph2018","As6p",10,2,276.092803,128472.416197,7714000
"411","emph2018","As6p",10,2,1009.239824,347300.760176,7006000
"412","emph2018","As6p",10,2,1088.123482,532944.765518,5396000
"413","emph2018","As6p",10,2,1377.82751,437992.39749,3804000
"414","emph2018","As6p",10,2,1629.86024,223949.97076,3336000
"415","emph2018","As6p",10,2,1617.44223,32923.77527,3914000
"416","emph2018","As6p",10,2,215.490342,2125.952258,4783000
"417","emph2018","As6p",10,2,344.527613,0,6380000
"418","emph2018","As6p",10,2,169.310778,0,5332000
"419","emph2018","As6p",10,3,0,0,9137000
"420","emph2018","As6p",10,3,0,6.074977043478,8762000
"421","emph2018","As6p",10,3,0,5.342175542828,8873000
"422","emph2018","As6p",10,3,0,39.19593775956,7976000
"423","emph2018","As6p",10,3,0,352.8744728188,8587000
"424","emph2018","As6p",10,3,0,1532.263254871,8453000
"425","emph2018","As6p",10,3,14.6293875,5837.464319375,9085000
"426","emph2018","As6p",10,3,40.3033731,10878.7583269,8582000
"427","emph2018","As6p",10,3,378.143409,52801.256391,7956000
"428","emph2018","As6p",10,3,1387.323215,423619.967785,8681000
"429","emph2018","As6p",10,3,670.475368,612532.134632,5541000
"430","emph2018","As6p",10,3,1043.704446,248483.295554,5005000
"431","emph2018","As6p",10,3,845.807952,93497.667048,4041000
"432","emph2018","As6p",10,3,577.328861,36463.612439,4734000
"433","emph2018","As6p",10,3,394.709806,3979.429984,5222000
"434","emph2018","As6p",10,3,449.174712,1681.443268,6706000
"435","emph2018","As6p",10,3,307.360752,168.800145,6314000
"436","emph2018","As6p",10,3,161.681347,45.686439,6836000
"437","emph2018","As6p",10,3,16.4202103,92.8337877,7571000
"438","emph2018","As6p",10,4,0,0,9574000
"439","emph2018","As6p",10,4,0,3.939040733505,10140000
"440","emph2018","As6p",10,4,0,0,9041000
"441","emph2018","As6p",10,4,0,20.2594729622,9199000
"442","emph2018","As6p",10,4,0,82.9259381227,8931000
"443","emph2018","As6p",10,4,2.56274002,354.1647067851,9248000
"444","emph2018","As6p",10,4,0,1575.980468637,8515000
"445","emph2018","As6p",10,4,8.06823403,4660.27359597,8295000
"446","emph2018","As6p",10,4,114.6788219,51375.4745781,8422000
"447","emph2018","As6p",10,4,250.600872,182663.539128,8925000
"448","emph2018","As6p",10,4,806.423283,351871.726717,7598000
"449","emph2018","As6p",10,4,346.392458,358241.607542,5486000
"450","emph2018","As6p",10,4,636.239386,112202.496614,4744000
"451","emph2018","As6p",10,4,352.152757,20304.628743,3691000
"452","emph2018","As6p",10,4,243.545899,1554.624461,4080000
"453","emph2018","As6p",10,4,166.671415,58.289452,5182000
"454","emph2018","As6p",10,4,12.98576599,3.17770231,6716000
"455","emph2018","As6p",10,4,11.00960189,4.96018321,7498000
"456","emph2018","As6p",10,4,8.78656375,0,7693000
"457","emph2018","As6p",10,5,0,0,8272000
"458","emph2018","As6p",10,5,0,0,9025000
"459","emph2018","As6p",10,5,0,0,7803000
"460","emph2018","As6p",10,5,0,40.00521605956,7850000
"461","emph2018","As6p",10,5,0,380.9653318901,8338000
"462","emph2018","As6p",10,5,0,13845.1331564,9248000
"463","emph2018","As6p",10,5,17.6111389,9012.23520467,7983000
"464","emph2018","As6p",10,5,43.5915021,30335.2072979,8831000
"465","emph2018","As6p",10,5,609.485648,91925.632352,8901000
"466","emph2018","As6p",10,5,2417.23924,1153692.17076,7651000
"467","emph2018","As6p",10,5,3038.65418,958925.04582,4674000
"468","emph2018","As6p",10,5,1566.79847,203993.20153,3081000
"469","emph2018","As6p",10,5,1704.95419,53579.77971,3332000
"470","emph2018","As6p",10,5,626.019178,20244.601822,3377000
"471","emph2018","As6p",10,5,203.98975,7554.01595,6010000
"472","emph2018","As6p",10,5,323.698509,4153.483941,5356000
"473","emph2018","As6p",10,5,416.985058,3727.213032,6600000
"474","emph2018","As6p",10,5,430.876367,2210.758063,7444000
"475","emph2018","As6p",10,5,90.1923353,1596.5702147,7506000
"476","eseb2011","As8p",1e+06,1,2.038220941,20523.2246,8938000
"477","eseb2011","As8p",1e+06,1,170.8617422,102492.216,9954000
"478","eseb2011","As8p",1e+06,1,258.8724843,378375.434,8331000
"479","eseb2011","As8p",1e+06,1,2153.232333,1131111.03,5720000
"480","eseb2011","As8p",1e+06,1,1183.16941,1059764.58,4201000
"481","eseb2011","As8p",1e+06,1,359.824865,621944.62,3959000
"482","eseb2011","As8p",1e+06,1,92.7816464,89089.133,3331000
"483","eseb2011","As8p",1e+06,1,87.0207916,11005.2827,4831000
"484","eseb2011","As8p",1e+06,1,68.6037125,1424.55935,8406000
"485","eseb2011","As8p",1e+06,1,146.2735431,411.113719,6338000
"486","eseb2011","As8p",1e+06,1,108.8394149,202.341844,6691000
"487","eseb2011","As8p",1e+06,1,39.4117436,316.826773,7214000
"488","eseb2011","As8p",1e+06,1,12.51234578,83.795963,7182000
"489","eseb2011","As8p",1e+06,1,4.55611504,163.290583,8194000
"490","eseb2011","As8p",1e+06,1,4.54571556,230.058755,9312000
"491","eseb2011","As8p",1e+06,2,2.566514525,22555.2423,8790000
"492","eseb2011","As8p",1e+06,2,40.1079945,129705.505,9634000
"493","eseb2011","As8p",1e+06,2,512.882926,381560.472,8275000
"494","eseb2011","As8p",1e+06,2,2915.42565,670142.73,6887000
"495","eseb2011","As8p",1e+06,2,1997.991524,605037.31,5674000
"496","eseb2011","As8p",1e+06,2,537.495981,215153.371,4705000
"497","eseb2011","As8p",1e+06,2,267.2403516,31355.3801,4299000
"498","eseb2011","As8p",1e+06,2,157.0801456,6391.0317,5741000
"499","eseb2011","As8p",1e+06,2,333.409043,1444.59003,6998000
"500","eseb2011","As8p",1e+06,2,167.8036094,622.28722,5610000
"501","eseb2011","As8p",1e+06,2,371.221438,494.995332,7383000
"502","eseb2011","As8p",1e+06,2,122.2987419,496.480503,7906000
"503","eseb2011","As8p",1e+06,2,16.14482129,212.855667,8078000
"504","eseb2011","As8p",1e+06,2,2.493638169,157.960869,8337000
"505","eseb2011","As8p",1e+06,2,2.270443615,103.066071,8829000
"506","eseb2011","As8p",1e+06,3,2.082992988,12488.9691,8958000
"507","eseb2011","As8p",1e+06,3,64.1090801,92439.19,10310000
"508","eseb2011","As8p",1e+06,3,455.46294,313954.643,9630000
"509","eseb2011","As8p",1e+06,3,2643.727807,951640.02,8210000
"510","eseb2011","As8p",1e+06,3,2414.264995,706052.92,5621000
"511","eseb2011","As8p",1e+06,3,1107.993169,333693.542,3747000
"512","eseb2011","As8p",1e+06,3,290.616897,112906.685,3567000
"513","eseb2011","As8p",1e+06,3,102.3114556,17372.6179,5322000
"514","eseb2011","As8p",1e+06,3,110.5013318,2541.66375,6760000
"515","eseb2011","As8p",1e+06,3,318.581213,418.718868,6961000
"516","eseb2011","As8p",1e+06,3,432.449805,230.59264,6741000
"517","eseb2011","As8p",1e+06,3,38.8280585,259.926052,6850000
"518","eseb2011","As8p",1e+06,3,3.88446291,60.342138,5981000
"519","eseb2011","As8p",1e+06,3,0,57.615613,6912000
"520","eseb2011","As8p",1e+06,3,1.446204829,147.929541,7234000
"521","eseb2011","As8p",1e+06,4,10.27802893,36551.5372,9465000
"522","eseb2011","As8p",1e+06,4,124.4649193,204614.424,8107000
"523","eseb2011","As8p",1e+06,4,493.749597,365272.697,5129000
"524","eseb2011","As8p",1e+06,4,3824.03736,1512601.84,4550000
"525","eseb2011","As8p",1e+06,4,3041.33364,1030643.58,2821000
"526","eseb2011","As8p",1e+06,4,1681.044515,423667.725,2880000
"527","eseb2011","As8p",1e+06,4,1069.006547,85086.994,3122000
"528","eseb2011","As8p",1e+06,4,710.778745,8716.4863,4612000
"529","eseb2011","As8p",1e+06,4,366.855942,4173.56462,5994000
"530","eseb2011","As8p",1e+06,4,203.4132574,1349.63273,4902000
"531","eseb2011","As8p",1e+06,4,308.233159,895.85332,5950000
"532","eseb2011","As8p",1e+06,4,130.4131933,1356.22778,6299000
"533","eseb2011","As8p",1e+06,4,47.2093537,388.61118,7266000
"534","eseb2011","As8p",1e+06,4,19.29194964,714.31529,6689000
"535","eseb2011","As8p",1e+06,4,4.47354774,388.638588,8029000
"536","eseb2011","As8p",1e+06,5,0,6515.4526,9437000
"537","eseb2011","As8p",1e+06,5,27.43477105,38585.7818,9460000
"538","eseb2011","As8p",1e+06,5,54.8695421,196483.384,9590000
"539","eseb2011","As8p",1e+06,5,1180.840955,503100.677,8620000
"540","eseb2011","As8p",1e+06,5,2334.186142,765945.11,6414000
"541","eseb2011","As8p",1e+06,5,700.067852,604414.92,4630000
"542","eseb2011","As8p",1e+06,5,519.108329,97591.894,4578000
"543","eseb2011","As8p",1e+06,5,219.4910249,25369.1303,5860000
"544","eseb2011","As8p",1e+06,5,139.6710161,2874.27696,6467000
"545","eseb2011","As8p",1e+06,5,260.5238303,2085.82874,6857000
"546","eseb2011","As8p",1e+06,5,569.222966,1050.60003,6038000
"547","eseb2011","As8p",1e+06,5,102.8017168,1087.21826,6502000
"548","eseb2011","As8p",1e+06,5,18.03398397,1061.00936,8043000
"549","eseb2011","As8p",1e+06,5,23.75055527,1256.52547,8612000
"550","eseb2011","As8p",1e+06,5,9.07720326,623.34928,7694000
"551","evol2011","As12",1e+06,1,0.465,154.22229304,9165000
"552","evol2011","As12",1e+06,1,3.39,231.67359332,9475000
"553","evol2011","As12",1e+06,1,39.5,28977.82020252,9018000
"554","evol2011","As12",1e+06,1,174.1,41910.56136968,9190000
"555","evol2011","As12",1e+06,1,63.2,115603.16,8871000
"556","evol2011","As12",1e+06,1,317.4,128013.16,5800000
"557","evol2011","As12",1e+06,1,33.1,113944.7,6102000
"558","evol2011","As12",1e+06,1,72,1374.1629906,5850000
"559","evol2011","As12",1e+06,1,22.9,1211.52347656,6182000
"560","evol2011","As12",1e+06,1,40.2,982.48396252,6779000
"561","evol2011","As12",1e+06,1,87.2,987.31853312,7519000
"562","evol2011","As12",1e+06,1,25,917.72980224,7929000
"563","evol2011","As12",1e+06,1,118.7,1114.15987,7600000
"564","evol2011","As12",1e+06,1,0.205,437.42162804,6523000
"565","evol2011","As12",1e+06,1,12,157.57532656,7315000
"566","evol2011","As12",1e+06,1,0,37.30620036,8350000
"567","evol2011","As12",1e+06,1,0,17.5863524,7830000
"568","evol2011","As12",1e+06,1,0,3.53415608,7847000
"569","evol2011","As12",1e+06,1,0,0,7818000
"570","evol2011","As12",1e+06,2,5.2,414.3944958,9866000
"571","evol2011","As12",1e+06,2,11.7,871.4886438,8740000
"572","evol2011","As12",1e+06,2,35.4,53973.951452,8906000
"573","evol2011","As12",1e+06,2,142.25,154360.99,8215000
"574","evol2011","As12",1e+06,2,249.1,150032.74,7257000
"575","evol2011","As12",1e+06,2,286.5,215849.18,6016000
"576","evol2011","As12",1e+06,2,314.1,74079.336702,5159000
"577","evol2011","As12",1e+06,2,104.9,40311.47253248,5507000
"578","evol2011","As12",1e+06,2,75.7,21831.91130556,6199000
"579","evol2011","As12",1e+06,2,130.8,3268.05007864,7078000
"580","evol2011","As12",1e+06,2,433.4,1122.4898408,6994000
"581","evol2011","As12",1e+06,2,4.15,2758.55704992,6586000
"582","evol2011","As12",1e+06,2,2.66,571.21231304,8300000
"583","evol2011","As12",1e+06,2,0.716,19.8591036,6528000
"584","evol2011","As12",1e+06,2,2.56,3.45465072,7003000
"585","evol2011","As12",1e+06,2,0,38.11417632,8048000
"586","evol2011","As12",1e+06,2,0.0753,13.10897648,7523000
"587","evol2011","As12",1e+06,2,0,21.10024576,7591000
"588","evol2011","As12",1e+06,2,0,12.49449972,7349000
"589","evol2011","As12",1e+06,3,3.18,328.326542,9337000
"590","evol2011","As12",1e+06,3,4.69,835.74092748,9811000
"591","evol2011","As12",1e+06,3,71.5,98709.26,9061000
"592","evol2011","As12",1e+06,3,106.2,358712.8,8089000
"593","evol2011","As12",1e+06,3,318.1,138988.1,7346000
"594","evol2011","As12",1e+06,3,297.1,98483.66,5368000
"595","evol2011","As12",1e+06,3,86.1,52836.94677008,5452000
"596","evol2011","As12",1e+06,3,47.9,7017.43354016,6255000
"597","evol2011","As12",1e+06,3,6.54,1214.6519204,6468000
"598","evol2011","As12",1e+06,3,58.9,227.10744852,5883000
"599","evol2011","As12",1e+06,3,40.4,39.9670132,6292000
"600","evol2011","As12",1e+06,3,1.83,167.69973544,7131000
"601","evol2011","As12",1e+06,3,4.05,26.45890208,7997000
"602","evol2011","As12",1e+06,3,0.405,46.99794488,8226000
"603","evol2011","As12",1e+06,3,0.176,43.01229912,6424000
"604","evol2011","As12",1e+06,3,0.505,28.6690954,7199000
"605","evol2011","As12",1e+06,3,0,26.25626372,7253000
"606","evol2011","As12",1e+06,3,0,13.8124208,7512000
"607","evol2011","As12",1e+06,3,0,20.38598488,7503000
"608","evol2011","As12",1e+06,4,23.1,0,6910000
"609","evol2011","As12",1e+06,4,37.8,703.66864728,7878000
"610","evol2011","As12",1e+06,4,199.9,42625.21603668,8141000
"611","evol2011","As12",1e+06,4,1338.7,252789.58,7629000
"612","evol2011","As12",1e+06,4,5975.3,729392.58,4324000
"613","evol2011","As12",1e+06,4,1126.6,578893.76,2324000
"614","evol2011","As12",1e+06,4,433.8,237653.16,1803000
"615","evol2011","As12",1e+06,4,281.7,10883.11444248,2102000
"616","evol2011","As12",1e+06,4,312.8,12133.53607884,3484000
"617","evol2011","As12",1e+06,4,14.5,5991.25116452,4791000
"618","evol2011","As12",1e+06,4,141.6,2909.64564988,5918000
"619","evol2011","As12",1e+06,4,60.6,6097.94220468,6580000
"620","evol2011","As12",1e+06,4,75.9,6603.48106952,5946000
"621","evol2011","As12",1e+06,4,112.1,5458.94743384,5285000
"622","evol2011","As12",1e+06,4,6.73,451.86769896,6024000
"623","evol2011","As12",1e+06,4,36.3,1348.69828172,6655000
"624","evol2011","As12",1e+06,4,31.8,296.84612136,6955000
"625","evol2011","As12",1e+06,4,1.35,118.51496444,6875000
"626","evol2011","As12",1e+06,4,0,22.05597072,7123000
"627","evol2011","As12",1e+06,5,0,0,9514000
"628","evol2011","As12",1e+06,5,8.92,5305.57944736,9367000
"629","evol2011","As12",1e+06,5,237.4,42382.66153168,9573000
"630","evol2011","As12",1e+06,5,1128.8,52055.79036132,9208000
"631","evol2011","As12",1e+06,5,213.4,207479.48,7701000
"632","evol2011","As12",1e+06,5,76.2,115590.16,6406000
"633","evol2011","As12",1e+06,5,66.3,37175.73254716,5823000
"634","evol2011","As12",1e+06,5,6.57,13378.92710952,4904000
"635","evol2011","As12",1e+06,5,24.7,3447.87176396,5798000
"636","evol2011","As12",1e+06,5,25.7,866.24213884,6853000
"637","evol2011","As12",1e+06,5,181.7,835.1170608,7756000
"638","evol2011","As12",1e+06,5,92.1,599.41344396,7299000
"639","evol2011","As12",1e+06,5,42.9,237.27262944,7371000
"640","evol2011","As12",1e+06,5,0,547.87946468,7332000
"641","evol2011","As12",1e+06,5,0.549,66.761223,7558000
"642","evol2011","As12",1e+06,5,0.955,73.80937112,7846000
"643","evol2011","As12",1e+06,5,0,32.3485882,7827000
"644","evol2011","As12",1e+06,5,0,4.939038,7707000
"645","evol2011","As12",1e+06,5,0,10.74599584,8215000
"646","evol2011","As12",1e+06,6,0.648,0,9471000
"647","evol2011","As12",1e+06,6,12.3,394.55177776,8891000
"648","evol2011","As12",1e+06,6,27.5,19733.52096276,9827000
"649","evol2011","As12",1e+06,6,76.8,47593.44899368,9275000
"650","evol2011","As12",1e+06,6,47,144324.88,7641000
"651","evol2011","As12",1e+06,6,147.4,77440.517831,6926000
"652","evol2011","As12",1e+06,6,96,114726.08,5200000
"653","evol2011","As12",1e+06,6,53.2,58697.4274155,6020000
"654","evol2011","As12",1e+06,6,22.9,2656.274831,6065000
"655","evol2011","As12",1e+06,6,2.85,581.82909704,6791000
"656","evol2011","As12",1e+06,6,110.5,75.13353216,8264000
"657","evol2011","As12",1e+06,6,29.2,93.71534808,8043000
"658","evol2011","As12",1e+06,6,2.41,17.83667868,7943000
"659","evol2011","As12",1e+06,6,0.734,8.62399952,6263000
"660","evol2011","As12",1e+06,6,0,0,7227000
"661","evol2011","As12",1e+06,6,0,0,8190000
"662","evol2011","As12",1e+06,6,0,2.14278264,8124000
"663","evol2011","As12",1e+06,6,0,0,8302000
"664","evol2011","As12",1e+06,6,0,3.33743884,8082000
"665","evol2011","AJ51",1e+06,1,41.8,1882.03,10140000
"666","evol2011","AJ51",1e+06,1,125.9,1999.26,9488000
"667","evol2011","AJ51",1e+06,1,903.3,99724.61,9136000
"668","evol2011","AJ51",1e+06,1,426.7,140727.55,7097000
"669","evol2011","AJ51",1e+06,1,281.5,209041.81,3288000
"670","evol2011","AJ51",1e+06,1,253.7,240817.83,2738000
"671","evol2011","AJ51",1e+06,1,84.8,103997.11,1877000
"672","evol2011","AJ51",1e+06,1,186.5,57284.16,1989000
"673","evol2011","AJ51",1e+06,1,34.6,186.03,3814000
"674","evol2011","AJ51",1e+06,1,387.7,8897.55,5737000
"675","evol2011","AJ51",1e+06,1,1148.2,241.1,6451000
"676","evol2011","AJ51",1e+06,1,645.9,9396.11,6197000
"677","evol2011","AJ51",1e+06,1,131.6,1391.91,5909000
"678","evol2011","AJ51",1e+06,1,8.41,0,5004000
"679","evol2011","AJ51",1e+06,1,4.76,0,6899000
"680","evol2011","AJ51",1e+06,1,0,0,6439000
"681","evol2011","AJ51",1e+06,1,0,7.84,6422000
"682","evol2011","AJ51",1e+06,1,0,21.46,4876000
"683","evol2011","AJ51",1e+06,1,9.2,19.24,4706000
"684","evol2011","AJ51",1e+06,4,21.9,3162.42,8770000
"685","evol2011","AJ51",1e+06,4,154.8,803.33,9379000
"686","evol2011","AJ51",1e+06,4,961.8,54031.94,8686000
"687","evol2011","AJ51",1e+06,4,2152.3,324266.29,6568000
"688","evol2011","AJ51",1e+06,4,665.6,213255.15,3090000
"689","evol2011","AJ51",1e+06,4,617.6,186590.38,2437000
"690","evol2011","AJ51",1e+06,4,23.1,100385.635,1641000
"691","evol2011","AJ51",1e+06,4,89,13520.49,2135000
"692","evol2011","AJ51",1e+06,4,12.8,42.48,3748000
"693","evol2011","AJ51",1e+06,4,85.5,3742.15,5572000
"694","evol2011","AJ51",1e+06,4,177.8,195.21,5901000
"695","evol2011","AJ51",1e+06,4,107.9,318.2,6217000
"696","evol2011","AJ51",1e+06,4,0.455,190.795,7098000
"697","evol2011","AJ51",1e+06,4,13.4,20.43,5344000
"698","evol2011","AJ51",1e+06,4,0,0,6056000
"699","evol2011","AJ51",1e+06,4,0.106,0,7423000
"700","evol2011","AJ51",1e+06,4,0,5.98,7750000
"701","evol2011","AJ51",1e+06,4,0,0,7944000
"702","evol2011","AJ51",1e+06,4,0,39.27,8235000
"703","evol2011","AJ51",1e+06,5,4.5,111.58,9007000
"704","evol2011","AJ51",1e+06,5,42.4,2035.58,9023000
"705","evol2011","AJ51",1e+06,5,1513.75,77730.7,8202000
"706","evol2011","AJ51",1e+06,5,2985.1,112545.62,6172000
"707","evol2011","AJ51",1e+06,5,623.9,210214.48,2790000
"708","evol2011","AJ51",1e+06,5,131.5,178197.41,2639000
"709","evol2011","AJ51",1e+06,5,22.7,92448.89,2107000
"710","evol2011","AJ51",1e+06,5,131,6483.27,3372000
"711","evol2011","AJ51",1e+06,5,15.1,957.67,5317000
"712","evol2011","AJ51",1e+06,5,2096,3766.31,6628000
"713","evol2011","AJ51",1e+06,5,1739,2350.43,6144000
"714","evol2011","AJ51",1e+06,5,499.4,2032.9,6078000
"715","evol2011","AJ51",1e+06,5,28,2768.66,5984000
"716","evol2011","AJ51",1e+06,5,9.36,0,5685000
"717","evol2011","AJ51",1e+06,5,3.17,0,6115000
"718","evol2011","AJ51",1e+06,5,0.262,0,6682000
"719","evol2011","AJ51",1e+06,5,0,13.37,7730000
"720","evol2011","AJ51",1e+06,5,0,20.32,8231000
"721","evol2011","AJ51",1e+06,5,0,0,8039000
"722","amna_2011","AJ",1e+06,1,102.8,300462.8,8890000
"723","amna_2011","AJ",1e+06,2,35.9,115259,10900000
"724","amna_2011","AJ",1e+06,3,152.1,183494.3,9580000
"725","amna_2011","AJ",1e+06,4,43.7,122252.8,12820000
"726","amna_2011","AJ",1e+06,5,167.8,186879.9,9500000
"727","amna_2011","AS",1e+06,6,1199.4,340591.8,8050000
"728","amna_2011","AS",1e+06,7,550.9,607661.9,9860000
"729","amna_2011","AS",1e+06,8,502.9,729428.5,11040000
"730","amna_2011","AS",1e+06,9,452.3,555988.9,10620000
"731","amna_2011","AS",1e+06,10,465.6,882431.7,11120000
"732","amna_2011","ER",1e+06,11,95.9,166614.8,10110000
"733","amna_2011","ER",1e+06,12,178.2,195838.7,11020000
"734","amna_2011","ER",1e+06,13,505.3,277648.3,9340000
"735","amna_2011","ER",1e+06,14,130.4,549240.1,10140000
"736","amna_2011","ER",1e+06,15,279.1,669603.1,11420000
"737","amna_2011","CR",1e+06,16,6.42,80807.98,10110000
"738","amna_2011","CR",1e+06,19,10.3,187189,9340000
"739","amna_2011","CR",1e+06,20,35.7,160336.3,9910000
"740","amna_2011","CW",1e+06,21,28.4,92568.9,9160000
"741","amna_2011","CW",1e+06,22,54,248343.7,10140000
"742","amna_2011","CW",1e+06,23,16.7,61478.6,11100000
"743","amna_2011","CW",1e+06,24,1,3444.8,9430000
"744","amna_2011","CW",1e+06,25,77.5,371329.9,9400000
"745","amna_2011","DK",1e+06,26,18,65675.9,9680000
"746","amna_2011","DK",1e+06,27,14.3,100744.8,10610000
"747","amna_2011","DK",1e+06,28,20.7,117574.8,10430000
"748","amna_2011","DK",1e+06,29,9.81,55267.89,9710000
"749","amna_2011","DK",1e+06,30,17.5,114670.2,8990000
"750","amna_2011","AJ",1e+06,1,410.7,1326447.7,6210000
"751","amna_2011","AJ",1e+06,2,427.7,830925.3,9780000
"752","amna_2011","AJ",1e+06,3,1268.3,1337111.5,7320000
"753","amna_2011","AJ",1e+06,4,0,469333.1,9820000
"754","amna_2011","AJ",1e+06,5,1420.4,817056.5,9070000
"755","amna_2011","AS",1e+06,6,9185.3,1183289.3,6500000
"756","amna_2011","AS",1e+06,7,3346.4,1275316.3,7960000
"757","amna_2011","AS",1e+06,8,2937.1,1245491.2,9380000
"758","amna_2011","AS",1e+06,9,2702.3,615574.7,9290000
"759","amna_2011","AS",1e+06,10,5216.1,1755053.3,9830000
"760","amna_2011","ER",1e+06,11,721.2,762768.9,9310000
"761","amna_2011","ER",1e+06,12,1746.4,1283488.2,8860000
"762","amna_2011","ER",1e+06,13,1905.8,1549035.5,9240000
"763","amna_2011","ER",1e+06,14,1016.1,746305.3,9900000
"764","amna_2011","ER",1e+06,15,2072.4,1459991.5,10610000
"765","amna_2011","CR",1e+06,16,127.9,480615.8,8090000
"766","amna_2011","CR",1e+06,19,132.9,636461.4,9080000
"767","amna_2011","CR",1e+06,20,138.2,538788.3,9540000
"768","amna_2011","CW",1e+06,21,361.9,744875.2,8980000
"769","amna_2011","CW",1e+06,22,616.1,1167593.5,8930000
"770","amna_2011","CW",1e+06,23,56.7,251642.1,8220000
"771","amna_2011","CW",1e+06,24,1,10852.4,9200000
"772","amna_2011","CW",1e+06,25,614.5,1507907.7,8290000
"773","amna_2011","DK",1e+06,26,10.7,104798.1,9170000
"774","amna_2011","DK",1e+06,27,32.3,348875,10060000
"775","amna_2011","DK",1e+06,28,45.4,391983.6,9380000
"776","amna_2011","DK",1e+06,29,22.3,222359.2,9520000
"777","amna_2011","DK",1e+06,30,19.7,257930.5,8970000
"778","amna_2011","AJ",1e+06,1,71.7,1282211.5,4860000
"779","amna_2011","AJ",1e+06,2,513.7,1896802.2,8690000
"780","amna_2011","AJ",1e+06,3,1273.3,2570353.6,6090000
"781","amna_2011","AJ",1e+06,4,206,868744.5,8120000
"782","amna_2011","AJ",1e+06,5,1260.6,1356249.6,6260000
"783","amna_2011","AS",1e+06,6,17093.6,1021725.9,4850000
"784","amna_2011","AS",1e+06,7,4115.1,1393587.7,6290000
"785","amna_2011","AS",1e+06,8,3900.3,1530054.2,7140000
"786","amna_2011","AS",1e+06,9,2183.8,513815.5,7150000
"787","amna_2011","AS",1e+06,10,2858.8,2212727.1,6140000
"788","amna_2011","ER",1e+06,11,687.1,361028.9,7820000
"789","amna_2011","ER",1e+06,12,914.7,1141467.7,6310000
"790","amna_2011","ER",1e+06,13,2968.9,1672900.2,6500000
"791","amna_2011","ER",1e+06,14,1065.8,1239753.6,8130000
"792","amna_2011","ER",1e+06,15,669,1069426.4,6440000
"793","amna_2011","CR",1e+06,16,1026.2,794861.1,9580000
"794","amna_2011","CR",1e+06,19,5681.8,364936.9,7310000
"795","amna_2011","CR",1e+06,20,1835.2,1531015.1,9120000
"796","amna_2011","CW",1e+06,21,3259.6,1860023.8,7900000
"797","amna_2011","CW",1e+06,22,3458.8,1747831.2,6070000
"798","amna_2011","CW",1e+06,23,3905.4,1009613.7,6510000
"799","amna_2011","CW",1e+06,24,115.7,37030.9,7190000
"800","amna_2011","CW",1e+06,25,654.1,2862535.9,4920000
"801","amna_2011","DK",1e+06,26,180.6,217775.5,8630000
"802","amna_2011","DK",1e+06,27,190.1,828537.6,7960000
"803","amna_2011","DK",1e+06,28,460.6,527981.5,7270000
"804","amna_2011","DK",1e+06,29,169.4,344902.2,6280000
"805","amna_2011","DK",1e+06,30,212.1,668522.7,6260000
"806","amna_2011","AJ",1e+06,1,41.4,1111595.6,3160000
"807","amna_2011","AJ",1e+06,2,30.8,2457723.1,5980000
"808","amna_2011","AJ",1e+06,3,20.6,2371165,3920000
"809","amna_2011","AJ",1e+06,4,22.8,1604251.9,5260000
"810","amna_2011","AJ",1e+06,5,18.3,2527703.9,4610000
"811","amna_2011","AS",1e+06,6,22.5,3149570.6,3720000
"812","amna_2011","AS",1e+06,7,31.1,2635646.1,4e+06
"813","amna_2011","AS",1e+06,8,57.6,5352754.9,4920000
"814","amna_2011","AS",1e+06,9,51.6,2871579,4600000
"815","amna_2011","AS",1e+06,10,36.3,3901902.8,3350000
"816","amna_2011","ER",1e+06,11,15.9,2175892.7,5100000
"817","amna_2011","ER",1e+06,12,35.8,1937234,4310000
"818","amna_2011","ER",1e+06,13,41.9,1910368.1,3790000
"819","amna_2011","ER",1e+06,14,85.4,3186999,6400000
"820","amna_2011","ER",1e+06,15,13.2,2566992.6,4060000
"821","amna_2011","CR",1e+06,16,183.8,3263186.8,9660000
"822","amna_2011","CR",1e+06,19,529.7,4606557.5,5250000
"823","amna_2011","CR",1e+06,20,874.6,4491503.2,8190000
"824","amna_2011","CW",1e+06,21,115.1,2534874.4,5750000
"825","amna_2011","CW",1e+06,22,34.3,2272581.8,4540000
"826","amna_2011","CW",1e+06,23,1281.8,3374421,5340000
"827","amna_2011","CW",1e+06,24,199.3,162129,7200000
"828","amna_2011","CW",1e+06,25,91.8,2643632.6,3750000
"829","amna_2011","DK",1e+06,26,15.5,868069.2,7600000
"830","amna_2011","DK",1e+06,27,52.9,1459624.1,6570000
"831","amna_2011","DK",1e+06,28,25.3,1471955,5730000
"832","amna_2011","DK",1e+06,29,85.1,902600.8,6820000
"833","amna_2011","DK",1e+06,30,29.1,1205081.4,5860000
"834","amna_2011","AJ",1e+06,1,1.4,2082927.7,2830000
"835","amna_2011","AJ",1e+06,2,7.69,881172.91,3710000
"836","amna_2011","AJ",1e+06,3,18.3,2992066.4,2090000
"837","amna_2011","AJ",1e+06,4,7.63,460428.67,2870000
"838","amna_2011","AJ",1e+06,5,7.71,2284401.19,3050000
"839","amna_2011","AS",1e+06,6,8.97,2528902.63,2670000
"840","amna_2011","AS",1e+06,7,1.9,1509491.1,2940000
"841","amna_2011","AS",1e+06,8,57.6,2934663,2790000
"842","amna_2011","AS",1e+06,9,32.1,2128969.3,3030000
"843","amna_2011","AS",1e+06,10,11.6,3299200.3,2260000
"844","amna_2011","ER",1e+06,11,14.1,1610507.9,2970000
"845","amna_2011","ER",1e+06,12,2.79,1367883.81,2890000
"846","amna_2011","ER",1e+06,13,36,2041749.2,2450000
"847","amna_2011","ER",1e+06,14,4.35,2850458.75,3480000
"848","amna_2011","ER",1e+06,15,5.14,2006231.26,2350000
"849","amna_2011","CR",1e+06,16,149.8,1786522.4,4380000
"850","amna_2011","CR",1e+06,19,21.6,1968365.7,2390000
"851","amna_2011","CR",1e+06,20,35.6,3983011.9,3730000
"852","amna_2011","CW",1e+06,21,30.2,1801676.4,3310000
"853","amna_2011","CW",1e+06,22,12.2,1240732.6,2700000
"854","amna_2011","CW",1e+06,23,146.1,2265986.2,4200000
"855","amna_2011","CW",1e+06,24,264.4,765286.4,7060000
"856","amna_2011","CW",1e+06,25,9.22,1369440.28,2410000
"857","amna_2011","DK",1e+06,26,79.9,566238.5,6120000
"858","amna_2011","DK",1e+06,27,166.6,742987.9,3930000
"859","amna_2011","DK",1e+06,28,118.9,791984.7,5020000
"860","amna_2011","DK",1e+06,29,157.3,821963.5,5870000
"861","amna_2011","DK",1e+06,30,115,743923.1,3580000
"862","amna_2011","AJ",1e+06,1,298.3,863870.9,3610000
"863","amna_2011","AJ",1e+06,2,149.3,563299.8,3120000
"864","amna_2011","AJ",1e+06,3,475.6,657939.4,1610000
"865","amna_2011","AJ",1e+06,4,393,801685.3,3290000
"866","amna_2011","AJ",1e+06,5,385.5,1691914.5,2500000
"867","amna_2011","AS",1e+06,6,6170.6,1345691.1,2110000
"868","amna_2011","AS",1e+06,7,904.5,502958.5,4200000
"869","amna_2011","AS",1e+06,8,4941,815931,2980000
"870","amna_2011","AS",1e+06,9,6674.7,613581.4,4230000
"871","amna_2011","AS",1e+06,10,2960,810186.4,2290000
"872","amna_2011","ER",1e+06,11,463.1,441236.9,3010000
"873","amna_2011","ER",1e+06,12,552,530730.5,3610000
"874","amna_2011","ER",1e+06,13,242.9,1530418.7,3030000
"875","amna_2011","ER",1e+06,14,219.4,857127.2,3120000
"876","amna_2011","ER",1e+06,15,363.5,1178838.5,2920000
"877","amna_2011","CR",1e+06,16,279.2,507002,2400000
"878","amna_2011","CR",1e+06,19,455.8,1575993.3,1720000
"879","amna_2011","CR",1e+06,20,1165.2,2474495.1,3240000
"880","amna_2011","CW",1e+06,21,340.5,579351.2,2780000
"881","amna_2011","CW",1e+06,22,816.3,1153582.1,2540000
"882","amna_2011","CW",1e+06,23,4745.2,2562587.9,2790000
"883","amna_2011","CW",1e+06,24,5763,2422115.9,6100000
"884","amna_2011","CW",1e+06,25,3524.4,906986.7,3050000
"885","amna_2011","DK",1e+06,26,93.7,380008.4,4660000
"886","amna_2011","DK",1e+06,27,160.1,543437,3590000
"887","amna_2011","DK",1e+06,28,154.6,491131.8,4200000
"888","amna_2011","DK",1e+06,29,293,383851.6,4380000
"889","amna_2011","DK",1e+06,30,155.4,618365.2,3330000
"890","amna_2011","AJ",1e+06,1,686.7,190262.9,4140000
"891","amna_2011","AJ",1e+06,2,406.5,56767.5,3360000
"892","amna_2011","AJ",1e+06,3,986.2,311132,2590000
"893","amna_2011","AJ",1e+06,4,3899.3,126490.9,4840000
"894","amna_2011","AJ",1e+06,5,1044,1131221.7,2900000
"895","amna_2011","AS",1e+06,6,8174.3,1777439.8,3390000
"896","amna_2011","AS",1e+06,7,3754.3,128910.8,5410000
"897","amna_2011","AS",1e+06,8,46353.6,752034.4,4270000
"898","amna_2011","AS",1e+06,9,27301.9,207573.3,4240000
"899","amna_2011","AS",1e+06,10,17480.2,814185.8,2820000
"900","amna_2011","ER",1e+06,11,3687.8,232966.7,4770000
"901","amna_2011","ER",1e+06,12,14440.2,216739.5,4570000
"902","amna_2011","ER",1e+06,13,14281.1,669345.2,3280000
"903","amna_2011","ER",1e+06,14,3391.3,388819.9,3480000
"904","amna_2011","ER",1e+06,15,9682,441754.4,3680000
"905","amna_2011","CR",1e+06,16,223.4,646966.4,2810000
"906","amna_2011","CR",1e+06,19,2515.1,672430.8,2840000
"907","amna_2011","CR",1e+06,20,4697.4,1536906.7,3720000
"908","amna_2011","CW",1e+06,21,442.5,558002.7,2880000
"909","amna_2011","CW",1e+06,22,4089.8,806709,3240000
"910","amna_2011","CW",1e+06,23,3478.2,1306710.1,2730000
"911","amna_2011","CW",1e+06,24,58148.5,2381412,4540000
"912","amna_2011","CW",1e+06,25,49590.1,979400.8,3730000
"913","amna_2011","DK",1e+06,26,487.3,276622.8,4430000
"914","amna_2011","DK",1e+06,27,3224.4,406682.8,5100000
"915","amna_2011","DK",1e+06,28,443.3,256796.1,4020000
"916","amna_2011","DK",1e+06,29,1106.7,318902.1,4020000
"917","amna_2011","DK",1e+06,30,2610.7,455653.9,3780000
"918","amna_2011","AJ",1e+06,1,3208.3,166712.2,5400000
"919","amna_2011","AJ",1e+06,2,277.9,15434.6,3730000
"920","amna_2011","AJ",1e+06,3,958.7,98889.6,3360000
"921","amna_2011","AJ",1e+06,4,1901.2,16904.1,6160000
"922","amna_2011","AJ",1e+06,5,1446.8,343955.1,3440000
"923","amna_2011","AS",1e+06,6,39342.2,554278.8,3860000
"924","amna_2011","AS",1e+06,7,2385.4,34543,4580000
"925","amna_2011","AS",1e+06,8,39204.2,377125.7,4710000
"926","amna_2011","AS",1e+06,9,7659.3,50264.6,5040000
"927","amna_2011","AS",1e+06,10,10388.4,482718.2,4740000
"928","amna_2011","ER",1e+06,11,14769.6,67364.9,5620000
"929","amna_2011","ER",1e+06,12,20199.7,88501.7,4570000
"930","amna_2011","ER",1e+06,13,32055.7,902549.2,4510000
"931","amna_2011","ER",1e+06,14,2920.8,113061.2,5700000
"932","amna_2011","ER",1e+06,15,10647.5,77496.8,4760000
"933","amna_2011","CR",1e+06,16,983.3,274715.8,3800000
"934","amna_2011","CR",1e+06,19,11969.2,498138.5,4020000
"935","amna_2011","CR",1e+06,20,6181.7,302547.2,5e+06
"936","amna_2011","CW",1e+06,21,2279.6,198299.3,4e+06
"937","amna_2011","CW",1e+06,22,19470.3,401521.1,4100000
"938","amna_2011","CW",1e+06,23,23020.3,730312,3570000
"939","amna_2011","CW",1e+06,24,17375.2,2378256.1,3600000
"940","amna_2011","CW",1e+06,25,49518.8,433306.4,4220000
"941","amna_2011","DK",1e+06,26,467.6,93415.2,4540000
"942","amna_2011","DK",1e+06,27,2486,122711.2,5010000
"943","amna_2011","DK",1e+06,28,863.6,48947.1,4210000
"944","amna_2011","DK",1e+06,29,1219.8,74057.8,4540000
"945","amna_2011","DK",1e+06,30,1295.8,88104.5,4440000
"946","amna_2011","AJ",1e+06,1,660,20034.3,6270000
"947","amna_2011","AJ",1e+06,2,23.4,477.6,3440000
"948","amna_2011","AJ",1e+06,3,574.9,47483.8,4100000
"949","amna_2011","AJ",1e+06,4,91.7,201.4,6630000
"950","amna_2011","AJ",1e+06,5,103.9,129150.1,3960000
"951","amna_2011","AS",1e+06,6,2441.5,67046.5,4240000
"952","amna_2011","AS",1e+06,7,291.3,1597.4,5280000
"953","amna_2011","AS",1e+06,8,5773.9,48598.4,5650000
"954","amna_2011","AS",1e+06,9,626.5,1357.4,6470000
"955","amna_2011","AS",1e+06,10,2316,180463.5,5460000
"956","amna_2011","ER",1e+06,11,2718.5,10533.7,5980000
"957","amna_2011","ER",1e+06,12,1634.3,10165.2,6090000
"958","amna_2011","ER",1e+06,13,11979,389906.1,4690000
"959","amna_2011","ER",1e+06,14,2175.8,16798.6,5890000
"960","amna_2011","ER",1e+06,15,915,14339.8,6030000
"961","amna_2011","CR",1e+06,16,2052.9,105877.1,5110000
"962","amna_2011","CR",1e+06,19,14677.3,675367.7,4420000
"963","amna_2011","CR",1e+06,20,2891.5,106309.6,5560000
"964","amna_2011","CW",1e+06,21,3144.3,40878.1,5520000
"965","amna_2011","CW",1e+06,22,12899.7,186066,4850000
"966","amna_2011","CW",1e+06,23,11417.8,262490.1,3930000
"967","amna_2011","CW",1e+06,24,17304.2,1781757.4,3070000
"968","amna_2011","CW",1e+06,25,11999.6,477957.3,3900000
"969","amna_2011","DK",1e+06,26,1357.6,120674.8,4460000
"970","amna_2011","DK",1e+06,27,2910.8,80704.5,5590000
"971","amna_2011","DK",1e+06,28,1095.1,28261,4970000
"972","amna_2011","DK",1e+06,29,1775.6,75435.8,5100000
"973","amna_2011","DK",1e+06,30,2217.8,71033.7,4230000
"974","amna_2011","AJ",1e+06,1,3.42,9167.98,6180000
"975","amna_2011","AJ",1e+06,2,0.628,0,5100000
"976","amna_2011","AJ",1e+06,3,316.9,38157.2,4920000
"977","amna_2011","AJ",1e+06,4,3.49,0,5750000
"978","amna_2011","AJ",1e+06,5,188.3,21858.5,5150000
"979","amna_2011","AS",1e+06,6,831.4,37747.4,5280000
"980","amna_2011","AS",1e+06,7,108.8,899.2,6350000
"981","amna_2011","AS",1e+06,8,107.5,208.7,6470000
"982","amna_2011","AS",1e+06,9,1864.9,10345.8,5300000
"983","amna_2011","AS",1e+06,10,1570.3,96653.6,4520000
"984","amna_2011","ER",1e+06,11,664.6,3006.4,5740000
"985","amna_2011","ER",1e+06,12,751.4,2421.8,5700000
"986","amna_2011","ER",1e+06,13,8080,170293,5510000
"987","amna_2011","ER",1e+06,14,805.6,1609,4410000
"988","amna_2011","ER",1e+06,15,538.7,4258.9,3970000
"989","amna_2011","CR",1e+06,16,4899.4,68816.5,5670000
"990","amna_2011","CR",1e+06,19,22784.8,579665.7,3950000
"991","amna_2011","CR",1e+06,20,3785.4,39380.4,5050000
"992","amna_2011","CW",1e+06,21,3589.3,34674.2,5760000
"993","amna_2011","CW",1e+06,22,9897.8,179687.6,5350000
"994","amna_2011","CW",1e+06,23,2965.5,71797.3,4510000
"995","amna_2011","CW",1e+06,24,37888.5,682252.4,2970000
"996","amna_2011","CW",1e+06,25,17162.7,169616.8,3750000
"997","amna_2011","DK",1e+06,26,2347.8,63773,4660000
"998","amna_2011","DK",1e+06,27,10949.3,71039.3,6010000
"999","amna_2011","DK",1e+06,28,2762.8,47455.7,5080000
"1000","amna_2011","DK",1e+06,29,1166.5,10942.5,5270000
"1001","amna_2011","DK",1e+06,30,699.6,22694.7,4740000
"1002","amna_2011","AJ",1e+06,1,74,6507.9,5710000
"1003","amna_2011","AJ",1e+06,2,0,0,3980000
"1004","amna_2011","AJ",1e+06,3,296.3,25170.4,4610000
"1005","amna_2011","AJ",1e+06,4,0,0,4920000
"1006","amna_2011","AJ",1e+06,5,197.6,10838.7,5040000
"1007","amna_2011","AS",1e+06,6,1198.9,16358.2,5880000
"1008","amna_2011","AS",1e+06,7,43.6,1003.9,4910000
"1009","amna_2011","AS",1e+06,8,524.3,2584.6,5420000
"1010","amna_2011","AS",1e+06,9,47.8,49.8,5340000
"1011","amna_2011","AS",1e+06,10,1354.5,37715.8,5460000
"1012","amna_2011","ER",1e+06,11,444.4,11947.3,5590000
"1013","amna_2011","ER",1e+06,12,317.3,2308.8,5790000
"1014","amna_2011","ER",1e+06,13,10616.8,35516.8,4360000
"1015","amna_2011","ER",1e+06,14,215.6,88.7,5370000
"1016","amna_2011","ER",1e+06,15,386.9,1357.1,5580000
"1017","amna_2011","CR",1e+06,16,5170.4,104585.1,4930000
"1018","amna_2011","CR",1e+06,19,34459.7,166527.9,4320000
"1019","amna_2011","CR",1e+06,20,1541.3,3591.2,5920000
"1020","amna_2011","CW",1e+06,21,1757.9,31456.9,5370000
"1021","amna_2011","CW",1e+06,22,3301.1,128909.5,5610000
"1022","amna_2011","CW",1e+06,23,1128.6,11848.3,4570000
"1023","amna_2011","CW",1e+06,24,18414.5,328308.5,3850000
"1024","amna_2011","CW",1e+06,25,6604.6,49312,3860000
"1025","amna_2011","DK",1e+06,26,0.874,13894.526,5390000
"1026","amna_2011","DK",1e+06,27,425.5,18670,5590000
"1027","amna_2011","DK",1e+06,28,115.6,1240.6,4920000
"1028","amna_2011","DK",1e+06,29,361.3,16036.2,4750000
"1029","amna_2011","DK",1e+06,30,43.8,5128.1,4250000
"1030","amna_2011","AJ",1e+06,1,0,4019.2,6840000
"1031","amna_2011","AJ",1e+06,2,0,0,5150000
"1032","amna_2011","AJ",1e+06,3,280.6,21670.8,4220000
"1033","amna_2011","AJ",1e+06,4,0,0,3840000
"1034","amna_2011","AJ",1e+06,5,9.55,7242.95,4440000
"1035","amna_2011","AS",1e+06,6,17.2,7801.4,5210000
"1036","amna_2011","AS",1e+06,7,0,1152.5,6980000
"1037","amna_2011","AS",1e+06,8,120.5,297.8,6360000
"1038","amna_2011","AS",1e+06,9,0,90.7,6350000
"1039","amna_2011","AS",1e+06,10,250.9,15834.8,5020000
"1040","amna_2011","ER",1e+06,11,149.6,2490.5,6370000
"1041","amna_2011","ER",1e+06,12,65.5,2190.4,5690000
"1042","amna_2011","ER",1e+06,13,1729.2,10487.9,5820000
"1043","amna_2011","ER",1e+06,14,3.04,204.76,5690000
"1044","amna_2011","ER",1e+06,15,31.7,497.8,6020000
"1045","amna_2011","CR",1e+06,16,3198.7,138200.5,5e+06
"1046","amna_2011","CR",1e+06,19,7480.3,140751.2,4340000
"1047","amna_2011","CR",1e+06,20,263.7,980.5,5530000
"1048","amna_2011","CW",1e+06,21,996.5,13187.5,5630000
"1049","amna_2011","CW",1e+06,22,3024.2,70494.9,6640000
"1050","amna_2011","CW",1e+06,23,470,7114.9,5040000
"1051","amna_2011","CW",1e+06,24,6140.9,106787.5,4410000
"1052","amna_2011","CW",1e+06,25,2899.5,16727.5,5260000
"1053","amna_2011","DK",1e+06,26,455.3,21643.6,4900000
"1054","amna_2011","DK",1e+06,27,350.5,11314.9,6540000
"1055","amna_2011","DK",1e+06,28,105.1,182.9,4840000
"1056","amna_2011","DK",1e+06,29,427.3,10044.8,5460000
"1057","amna_2011","DK",1e+06,30,100.6,4234,4540000
