"X","mut_id","res_id","fitness","mut_var1","mut_var2","mut_var3","mut_var4","res_var1","res_var2","res_var3","res_var4","mut_var1_opt","mut_var2_opt","mut_var3_opt","mut_var4_opt"
1,"G-i_log","G-i_none",0.634272875481071,1.76218,-4.329083,2.546559,-6.721427,1.353023,-165.8444,60.96032,-7.602019,1.74423054839875,-4.91961724647097,3.43928682536535,-6.97463761974974
1,"G-i_log","G1+G2_none",0.776673387138011,1.76218,-4.329083,2.546559,-6.721427,1,-20.67279,324.78499,-4999.96816,1.76061483864019,-4.6727175318962,3.68066408757908,-8.35310610590961
1,"G-i_log","I-i_log",0.173637236793657,1.76218,-4.329083,2.546559,-6.721427,296.297,-407.8744,-253.256,-312.6993,1.77015183027191,-4.43583815360714,2.79170117006499,-7.226807356049
1,"G-i_log","I-i_none",0.279611271109734,1.76218,-4.329083,2.546559,-6.721427,1.958208,-69.747557,1519.003656,-253.527388,1.76604607383012,-4.49997569860736,2.95868810435484,-7.39437463484308
1,"G-i_log","I-i+Ig-i_log",0.104768623787454,1.76218,-4.329083,2.546559,-6.721427,303.4573,-419.5405,-257.9821,-320.6268,1.77114814996264,-4.61943124797387,3.15987743022172,-7.7808196320077
1,"G-i_log","I-i+Ig-i_none",0.309445493847657,1.76218,-4.329083,2.546559,-6.721427,1.738925,-32.23447,294.1821,16.1966,1.76016766094145,-4.72343800130863,3.59771844562368,-8.21766325112074
1,"G-i_log","I1+I2_log",0.201798291842774,1.76218,-4.329083,2.546559,-6.721427,356.4903,-465.0749,-322.0964,-367.33,1.77214527373299,-4.61758380329897,2.88889928198388,-7.52460483690885
1,"G-i_log","I1+I2_none",0.923093992775438,1.76218,-4.329083,2.546559,-6.721427,0.9999997,-9.1495804,-71.9937848,4998.243879,1.75337269928629,-4.20305657373572,2.34042461731563,-6.39596866117014
1,"G-i_log","Ig-i_log",0.0284242346721122,1.76218,-4.329083,2.546559,-6.721427,2.188023,-5.185792,3.701277,-8.106463,1.77407753976574,-4.62395728191981,3.32606763341952,-8.21091864052977
1,"G-i_log","Ig-i_none",0.73509354982137,1.76218,-4.329083,2.546559,-6.721427,1.178482,-108.3889,2.022846,0.4681743,1.75162658648389,-4.85798687123064,3.35501437202035,-7.10826321258109
1,"G-i_log","Ig1+Ig2_none",0.842675751297111,1.76218,-4.329083,2.546559,-6.721427,1,-31.28019,341.47294,-4999.99774,1.7480912285809,-4.79890550150994,2.75527308750423,-6.01479013063244
1,"G-i_log","R_log",0.158344979201914,1.76218,-4.329083,2.546559,-6.721427,-1708.033,2029.536,1652.683,1716.579,1.76158246413637,-4.59658760508589,3.02100692176758,-7.486274127479
1,"G-i_log","R_none",0.0970500002737453,1.76218,-4.329083,2.546559,-6.721427,-85.83515,132.203,63.44411,95.46252,1.76905002056543,-4.71009273216874,3.51241921017154,-8.36919204191081
1,"G-i_log","sum_log",0.108076671025571,1.76218,-4.329083,2.546559,-6.721427,366.9224,-475.8806,-333.6755,-376.6502,1.77000660667145,-4.71744350541425,3.16849516581765,-7.62321898011234
1,"G-i_log","sum_none",0.303279993712719,1.76218,-4.329083,2.546559,-6.721427,1.832057,-16.921,61.96135,1.122217,1.75848630246055,-4.81523691065702,3.62486588207975,-8.20459722375628
1,"G-i_none","G-i_log",-0.505977918573104,1.353023,-165.8444,60.96032,-7.602019,1.76218,-4.329083,2.546559,-6.721427,1.33322844459584,-89.2262966301224,62.8261951447924,-7.6815171334189
1,"G-i_none","G1+G2_none",0.181500632904215,1.353023,-165.8444,60.96032,-7.602019,1,-20.67279,324.78499,-4999.96816,1.43704277875522,-113.707279528387,-1.51088464507493,0.484526187507957
1,"G-i_none","I-i_log",-0.377500888139225,1.353023,-165.8444,60.96032,-7.602019,296.297,-407.8744,-253.256,-312.6993,1.2946675116876,-74.755977390376,63.0507039240795,-7.58089487337443
1,"G-i_none","I-i_none",-0.0891758741880113,1.353023,-165.8444,60.96032,-7.602019,1.958208,-69.747557,1519.003656,-253.527388,0.721750926809575,-20.3595568215037,-0.127091397022616,0.487131963145919
1,"G-i_none","I-i+Ig-i_log",-0.446247833205638,1.353023,-165.8444,60.96032,-7.602019,303.4573,-419.5405,-257.9821,-320.6268,1.31208959556959,-87.3691868056772,-1.7860490353438,0.475341688361952
1,"G-i_none","I-i+Ig-i_none",-0.219000050120894,1.353023,-165.8444,60.96032,-7.602019,1.738925,-32.23447,294.1821,16.1966,1.27359290496828,-71.7958154656751,65.1105603001214,-7.27269816246247
1,"G-i_none","I1+I2_log",-0.365858935075685,1.353023,-165.8444,60.96032,-7.602019,356.4903,-465.0749,-322.0964,-367.33,1.26958151128816,-77.6892452153559,-1.5090333373986,0.479586205509588
1,"G-i_none","I1+I2_none",0.444275405974379,1.353023,-165.8444,60.96032,-7.602019,0.9999997,-9.1495804,-71.9937848,4998.243879,1.22640323265013,-36.4697260696647,-0.452885817939382,0.490494778309536
1,"G-i_none","Ig-i_log",-0.507277459154679,1.353023,-165.8444,60.96032,-7.602019,2.188023,-5.185792,3.701277,-8.106463,1.32517073396368,-91.168833356812,63.8719366412131,-7.59253587946511
1,"G-i_none","Ig-i_none",0.135195482883144,1.353023,-165.8444,60.96032,-7.602019,1.178482,-108.3889,2.022846,0.4681743,1.31500713895406,-134.55078616282,-3.46400036738544,0.458977397576757
1,"G-i_none","Ig1+Ig2_none",0.201023890602195,1.353023,-165.8444,60.96032,-7.602019,1,-31.28019,341.47294,-4999.99774,1.44429898253238,-165.844231740714,60.9603234836517,-7.60201930355341
1,"G-i_none","R_log",-0.375672351072746,1.353023,-165.8444,60.96032,-7.602019,-1708.033,2029.536,1652.683,1716.579,1.28787989503931,-77.1011044326971,-1.41858903291575,0.481582540804
1,"G-i_none","R_none",-0.414306972243341,1.353023,-165.8444,60.96032,-7.602019,-85.83515,132.203,63.44411,95.46252,1.31190929087726,-84.0590878421661,-1.5260173209506,0.486327143588679
1,"G-i_none","sum_log",-0.467932152274431,1.353023,-165.8444,60.96032,-7.602019,366.9224,-475.8806,-333.6755,-376.6502,1.27976077989009,-79.4546166317872,63.6534888978101,-7.04110770773792
1,"G-i_none","sum_none",-0.231620498792939,1.353023,-165.8444,60.96032,-7.602019,1.832057,-16.921,61.96135,1.122217,1.28631039403314,-79.6874524303755,-1.46860468435272,0.469369123209832
1,"G1+G2_none","G-i_log",-0.635740643434834,1,-20.67279,324.78499,-4999.96816,1.76218,-4.329083,2.546559,-6.721427,1.13036808904078,-32.9424142621171,432.277149229312,-4997.15403205171
1,"G1+G2_none","G-i_none",0.0790974917088778,1,-20.67279,324.78499,-4999.96816,1.353023,-165.8444,60.96032,-7.602019,1.11341165171235,-32.6273865416876,448.827803748519,-5000.25366784556
1,"G1+G2_none","I-i_log",-0.483157033428557,1,-20.67279,324.78499,-4999.96816,296.297,-407.8744,-253.256,-312.6993,1.1153523721916,-35.4470035426751,462.813103946237,-4998.77386926592
1,"G1+G2_none","I-i_none",-0.0348507199107897,1,-20.67279,324.78499,-4999.96816,1.958208,-69.747557,1519.003656,-253.527388,0.739962934690889,-27.3204931207348,423.035498769047,-4993.72181818505
1,"G1+G2_none","I-i+Ig-i_log",-0.547243731352155,1,-20.67279,324.78499,-4999.96816,303.4573,-419.5405,-257.9821,-320.6268,1.09474795934108,-32.3702455341216,440.081176650476,-4994.24655771061
1,"G1+G2_none","I-i+Ig-i_none",-0.247197203554027,1,-20.67279,324.78499,-4999.96816,1.738925,-32.23447,294.1821,16.1966,1.13974848988284,-34.724997682207,444.215481694616,-4999.43371642024
1,"G1+G2_none","I1+I2_log",-0.460777240322882,1,-20.67279,324.78499,-4999.96816,356.4903,-465.0749,-322.0964,-367.33,1.09342040370637,-37.0752286960344,478.282650305517,-4994.67924435599
1,"G1+G2_none","I1+I2_none",0.586482071930515,1,-20.67279,324.78499,-4999.96816,0.9999997,-9.1495804,-71.9937848,4998.243879,1.31171971102551,-25.492561897899,358.170991950782,-4998.68330535113
1,"G1+G2_none","Ig-i_log",-0.622154973033228,1,-20.67279,324.78499,-4999.96816,2.188023,-5.185792,3.701277,-8.106463,1.12178520388659,-34.0295424137869,440.138171497241,-4985.25038415612
1,"G1+G2_none","Ig-i_none",0.227983137264624,1,-20.67279,324.78499,-4999.96816,1.178482,-108.3889,2.022846,0.4681743,1.15572001159695,-35.5721884891534,498.441013483056,-4997.99550664212
1,"G1+G2_none","Ig1+Ig2_none",0.327595932730463,1,-20.67279,324.78499,-4999.96816,1,-31.28019,341.47294,-4999.99774,1.43678246079116,-41.7882827043782,323.85871768706,-4999.99287083664
1,"G1+G2_none","R_log",-0.404448923120952,1,-20.67279,324.78499,-4999.96816,-1708.033,2029.536,1652.683,1716.579,1.13927609095329,-36.2001628675365,462.769348697365,-4996.77788366192
1,"G1+G2_none","R_none",-0.504379540299549,1,-20.67279,324.78499,-4999.96816,-85.83515,132.203,63.44411,95.46252,1.17126261326283,-38.8061602522809,324.375674149062,-4999.96744675034
1,"G1+G2_none","sum_log",-0.570138211813692,1,-20.67279,324.78499,-4999.96816,366.9224,-475.8806,-333.6755,-376.6502,1.09467928379784,-34.781690033346,460.223760238762,-4998.76095397135
1,"G1+G2_none","sum_none",-0.285003625178229,1,-20.67279,324.78499,-4999.96816,1.832057,-16.921,61.96135,1.122217,1.36938802613918,-142.188399931902,-19.3126633616795,-1.28559463808119
1,"I-i_log","G-i_log",-0.165320944132977,296.297,-407.8744,-253.256,-312.6993,1.76218,-4.329083,2.546559,-6.721427,330.523775317055,-458.449608472341,-279.586976786363,-350.616774218154
1,"I-i_log","G-i_none",0.54128169458131,296.297,-407.8744,-253.256,-312.6993,1.353023,-165.8444,60.96032,-7.602019,294.619636908302,-410.826360548532,-248.71004798632,-312.51573534754
1,"I-i_log","G1+G2_none",0.645086501000153,296.297,-407.8744,-253.256,-312.6993,1,-20.67279,324.78499,-4999.96816,296.186371539056,-409.714112834259,-251.536313639447,-313.608524988716
1,"I-i_log","I-i_none",0.110482683987791,296.297,-407.8744,-253.256,-312.6993,1.958208,-69.747557,1519.003656,-253.527388,295.845426950458,-408.993377965154,-251.231952825637,-313.269982010905
1,"I-i_log","I-i+Ig-i_log",-0.0607251849663468,296.297,-407.8744,-253.256,-312.6993,303.4573,-419.5405,-257.9821,-320.6268,462.458003153533,-643.539300022271,-390.897247456791,-490.334473010053
1,"I-i_log","I-i+Ig-i_none",0.148497330353572,296.297,-407.8744,-253.256,-312.6993,1.738925,-32.23447,294.1821,16.1966,518.4323690213,-726.449719748365,-434.862677503224,-551.334922516763
1,"I-i_log","I1+I2_log",0.00398966572753023,296.297,-407.8744,-253.256,-312.6993,356.4903,-465.0749,-322.0964,-367.33,296.356817518926,-407.564795299315,-253.113911236404,-313.167194194884
1,"I-i_log","I1+I2_none",0.744941054878311,296.297,-407.8744,-253.256,-312.6993,0.9999997,-9.1495804,-71.9937848,4998.243879,296.310051686827,-407.779068226409,-253.215222374944,-312.845452965508
1,"I-i_log","Ig-i_log",-0.142335333336432,296.297,-407.8744,-253.256,-312.6993,2.188023,-5.185792,3.701277,-8.106463,472.411426862494,-659.006653202116,-398.077674024422,-501.521068527485
1,"I-i_log","Ig-i_none",0.628636407147778,296.297,-407.8744,-253.256,-312.6993,1.178482,-108.3889,2.022846,0.4681743,294.167941223861,-413.027633641823,-245.56565845486,-313.843087123435
1,"I-i_log","Ig1+Ig2_none",0.803001053776227,296.297,-407.8744,-253.256,-312.6993,1,-31.28019,341.47294,-4999.99774,298.69007142084,-400.925305576746,-265.552564502284,-308.74452650006
1,"I-i_log","R_log",0.0168226864263183,296.297,-407.8744,-253.256,-312.6993,-1708.033,2029.536,1652.683,1716.579,295.217434390831,-411.055200688577,-248.433564480061,-313.975439204892
1,"I-i_log","R_none",-0.065733295329204,296.297,-407.8744,-253.256,-312.6993,-85.83515,132.203,63.44411,95.46252,295.216044283131,-410.908219285282,-248.359945812423,-314.044594956324
1,"I-i_log","sum_log",-0.0591561401178202,296.297,-407.8744,-253.256,-312.6993,366.9224,-475.8806,-333.6755,-376.6502,296.573038397965,-407.318068259476,-253.836713368506,-313.087871962809
1,"I-i_log","sum_none",0.155826910951609,296.297,-407.8744,-253.256,-312.6993,1.832057,-16.921,61.96135,1.122217,444.415755805399,-622.768717789563,-372.353879699429,-473.111175747395
1,"I-i_none","G-i_log",-0.270709395960169,1.958208,-69.747557,1519.003656,-253.527388,1.76218,-4.329083,2.546559,-6.721427,1.97113987533288,-62.1443082364775,1209.17664939008,-12.5440212934837
1,"I-i_none","G-i_none",0.414021213946494,1.958208,-69.747557,1519.003656,-253.527388,1.353023,-165.8444,60.96032,-7.602019,1.7246947309113,-76.7679172421221,2049.17802927032,-279.032143674024
1,"I-i_none","G1+G2_none",0.436039344890128,1.958208,-69.747557,1519.003656,-253.527388,1,-20.67279,324.78499,-4999.96816,1.9482621572964,-70.7320446080907,1518.97697769265,-253.540851544403
1,"I-i_none","I-i_log",-0.100726785693735,1.958208,-69.747557,1519.003656,-253.527388,296.297,-407.8744,-253.256,-312.6993,1.93824471519241,-59.7198947718985,1143.02271823605,4.80581092895186
1,"I-i_none","I-i+Ig-i_log",-0.169708585691176,1.958208,-69.747557,1519.003656,-253.527388,303.4573,-419.5405,-257.9821,-320.6268,1.94088668410117,-64.2283755127845,1306.65402974382,98.4653607428647
1,"I-i_none","I-i+Ig-i_none",0.030234775758281,1.958208,-69.747557,1519.003656,-253.527388,1.738925,-32.23447,294.1821,16.1966,1.94411265523518,-69.468182066676,1519.0071930131,-253.504985422884
1,"I-i_none","I1+I2_log",-0.100268512279655,1.958208,-69.747557,1519.003656,-253.527388,356.4903,-465.0749,-322.0964,-367.33,1.95495663680046,-64.7142661291873,1314.81858807686,34.597198315023
1,"I-i_none","I1+I2_none",0.613474499852101,1.958208,-69.747557,1519.003656,-253.527388,0.9999997,-9.1495804,-71.9937848,4998.243879,1.8797539933134,-62.7393124255098,1250.47992471804,38.0568341703718
1,"I-i_none","Ig-i_log",-0.255738820026551,1.958208,-69.747557,1519.003656,-253.527388,2.188023,-5.185792,3.701277,-8.106463,1.93930192227954,-61.1693890813414,1191.39996487552,54.0564979335988
1,"I-i_none","Ig-i_none",0.489664338964729,1.958208,-69.747557,1519.003656,-253.527388,1.178482,-108.3889,2.022846,0.4681743,1.7510507054554,-80.4240984095668,2177.63679214848,48.00100818507
1,"I-i_none","Ig1+Ig2_none",0.625763384219404,1.958208,-69.747557,1519.003656,-253.527388,1,-31.28019,341.47294,-4999.99774,1.75643984818671,-66.8646677350638,1519.11685497621,-253.53582415098
1,"I-i_none","R_log",-0.109742278230379,1.958208,-69.747557,1519.003656,-253.527388,-1708.033,2029.536,1652.683,1716.579,1.93619932823633,-69.2784640331702,1519.01773408903,-253.528580289049
1,"I-i_none","R_none",-0.179624867617208,1.958208,-69.747557,1519.003656,-253.527388,-85.83515,132.203,63.44411,95.46252,1.95875816261376,-64.5685479638788,1306.19925755871,20.7819365252441
1,"I-i_none","sum_log",-0.160887982941632,1.958208,-69.747557,1519.003656,-253.527388,366.9224,-475.8806,-333.6755,-376.6502,1.95593100116774,-69.7476902376436,1519.00365194277,-253.527388337208
1,"I-i_none","sum_none",0.0349494796000385,1.958208,-69.747557,1519.003656,-253.527388,1.832057,-16.921,61.96135,1.122217,1.91594623565583,-75.3816784740247,1791.84403504438,-88.6958559843295
1,"I-i+Ig-i_log","G-i_log",-0.0971933838510939,303.4573,-419.5405,-257.9821,-320.6268,1.76218,-4.329083,2.546559,-6.721427,303.101183500596,-420.653354112281,-256.383790065929,-320.984804460626
1,"I-i+Ig-i_log","G-i_none",0.560062519804727,303.4573,-419.5405,-257.9821,-320.6268,1.353023,-165.8444,60.96032,-7.602019,4.86790124814514,9.22225929058901,-14.8852847747302,0.0685229314054636
1,"I-i+Ig-i_log","G1+G2_none",0.71090173778085,303.4573,-419.5405,-257.9821,-320.6268,1,-20.67279,324.78499,-4999.96816,303.797301212152,-418.625246973629,-259.778571605559,-320.077217756353
1,"I-i+Ig-i_log","I-i_log",0.0696081690361443,303.4573,-419.5405,-257.9821,-320.6268,296.297,-407.8744,-253.256,-312.6993,377.693250864934,-522.286320741414,-321.941006011089,-398.296391359022
1,"I-i+Ig-i_log","I-i_none",0.173189983354416,303.4573,-419.5405,-257.9821,-320.6268,1.958208,-69.747557,1519.003656,-253.527388,302.885183904072,-421.223534099344,-255.939132973343,-320.694996495058
1,"I-i+Ig-i_log","I-i+Ig-i_none",0.211056306865864,303.4573,-419.5405,-257.9821,-320.6268,1.738925,-32.23447,294.1821,16.1966,403.308596869412,-562.932169702411,-340.171399899093,-427.218579504478
1,"I-i+Ig-i_log","I1+I2_log",0.078202952454375,303.4573,-419.5405,-257.9821,-320.6268,356.4903,-465.0749,-322.0964,-367.33,399.912410144391,-554.848619549626,-339.575725805992,-422.510966806102
1,"I-i+Ig-i_log","I1+I2_none",0.808063428051082,303.4573,-419.5405,-257.9821,-320.6268,0.9999997,-9.1495804,-71.9937848,4998.243879,303.720618553056,-418.871565032044,-259.577921070602,-319.889057731485
1,"I-i+Ig-i_log","Ig-i_log",-0.0715692903902205,303.4573,-419.5405,-257.9821,-320.6268,2.188023,-5.185792,3.701277,-8.106463,436.725893045319,-606.429094097034,-370.612647705015,-461.451044477954
1,"I-i+Ig-i_log","Ig-i_none",0.657242205170882,303.4573,-419.5405,-257.9821,-320.6268,1.178482,-108.3889,2.022846,0.4681743,302.481630977159,-421.749969853069,-255.428269453314,-320.360620631801
1,"I-i+Ig-i_log","Ig1+Ig2_none",0.835222441534889,303.4573,-419.5405,-257.9821,-320.6268,1,-31.28019,341.47294,-4999.99774,308.067414489556,-406.71758701035,-278.90616655438,-316.043471244825
1,"I-i+Ig-i_log","R_log",0.0683895318998675,303.4573,-419.5405,-257.9821,-320.6268,-1708.033,2029.536,1652.683,1716.579,356.822219128268,-496.286304802661,-302.065398354075,-377.500518106522
1,"I-i+Ig-i_log","R_none",-0.00117786346425586,303.4573,-419.5405,-257.9821,-320.6268,-85.83515,132.203,63.44411,95.46252,302.590107853878,-421.6582991823,-254.808691848768,-321.052661491018
1,"I-i+Ig-i_log","sum_log",0.00193169106485058,303.4573,-419.5405,-257.9821,-320.6268,366.9224,-475.8806,-333.6755,-376.6502,402.471538017156,-557.097937586273,-342.788025102437,-424.702391637439
1,"I-i+Ig-i_log","sum_none",0.211635687544773,303.4573,-419.5405,-257.9821,-320.6268,1.832057,-16.921,61.96135,1.122217,402.122715968405,-561.278227566364,-339.130703492646,-426.102140532436
1,"I-i+Ig-i_none","G-i_log",-0.293284920796586,1.738925,-32.23447,294.1821,16.1966,1.76218,-4.329083,2.546559,-6.721427,1.76695377160683,-30.9412800890064,270.088160492973,10.265562249315
1,"I-i+Ig-i_none","G-i_none",0.378850482982405,1.738925,-32.23447,294.1821,16.1966,1.353023,-165.8444,60.96032,-7.602019,1.59286031269162,-57.52550670348,986.310587964302,-24.0542379362037
1,"I-i+Ig-i_none","G1+G2_none",0.394939941567663,1.738925,-32.23447,294.1821,16.1966,1,-20.67279,324.78499,-4999.96816,1.7920603659643,-24.6506922113596,164.044100700331,4.53747515667318
1,"I-i+Ig-i_none","I-i_log",-0.13748178746978,1.738925,-32.23447,294.1821,16.1966,296.297,-407.8744,-253.256,-312.6993,1.73132161095965,-30.5213680342553,274.394551996975,10.1687546006173
1,"I-i+Ig-i_none","I-i_none",-0.0260777518040225,1.738925,-32.23447,294.1821,16.1966,1.958208,-69.747557,1519.003656,-253.527388,1.75953269308759,-31.8989252967752,294.193866471297,16.1959577656958
1,"I-i+Ig-i_none","I-i+Ig-i_log",-0.201772359332614,1.738925,-32.23447,294.1821,16.1966,303.4573,-419.5405,-257.9821,-320.6268,1.74176144947374,-31.8428153656965,290.211227523498,-0.797967500591826
1,"I-i+Ig-i_none","I1+I2_log",-0.122828309932502,1.738925,-32.23447,294.1821,16.1966,356.4903,-465.0749,-322.0964,-367.33,1.73969391158357,-32.5881515384284,303.544467164687,4.63625466625124
1,"I-i+Ig-i_none","I1+I2_none",0.540953112679198,1.738925,-32.23447,294.1821,16.1966,0.9999997,-9.1495804,-71.9937848,4998.243879,1.64349491383262,-29.184512712134,251.37694602979,11.8981905991318
1,"I-i+Ig-i_none","Ig-i_log",-0.27710305314641,1.738925,-32.23447,294.1821,16.1966,2.188023,-5.185792,3.701277,-8.106463,1.75055501459778,-31.3298651309661,278.131799419666,7.99391313644828
1,"I-i+Ig-i_none","Ig-i_none",0.446649894395165,1.738925,-32.23447,294.1821,16.1966,1.178482,-108.3889,2.022846,0.4681743,1.56217289264773,-48.2947047671813,716.345900895605,14.1943660690149
1,"I-i+Ig-i_none","Ig1+Ig2_none",0.499811550556406,1.738925,-32.23447,294.1821,16.1966,1,-31.28019,341.47294,-4999.99774,1.63838058986816,-31.6003562299644,294.250366693041,16.1966816289157
1,"I-i+Ig-i_none","R_log",-0.133659292598056,1.738925,-32.23447,294.1821,16.1966,-1708.033,2029.536,1652.683,1716.579,1.76029077796235,-36.0189346287992,368.729501712685,14.057606358472
1,"I-i+Ig-i_none","R_none",-0.194922609048348,1.738925,-32.23447,294.1821,16.1966,-85.83515,132.203,63.44411,95.46252,1.78463066335336,-33.0973234265747,301.002270011385,17.3161052687194
1,"I-i+Ig-i_none","sum_log",-0.2052204157923,1.738925,-32.23447,294.1821,16.1966,366.9224,-475.8806,-333.6755,-376.6502,1.72939143894191,-34.5409744638897,343.734211462682,10.1668923185736
1,"I-i+Ig-i_none","sum_none",-0.00118342508272939,1.738925,-32.23447,294.1821,16.1966,1.832057,-16.921,61.96135,1.122217,1.76883210846946,-34.4297119058813,323.798399630817,9.94294302828582
1,"I1+I2_log","G-i_log",-0.178665708655775,356.4903,-465.0749,-322.0964,-367.33,1.76218,-4.329083,2.546559,-6.721427,533.686319956333,-703.83151591068,-478.669416586495,-551.002860628634
1,"I1+I2_log","G-i_none",0.484095133897163,356.4903,-465.0749,-322.0964,-367.33,1.353023,-165.8444,60.96032,-7.602019,4.6064603906603,10.7418234417501,-14.6267169192864,0.0798989560157045
1,"I1+I2_log","G1+G2_none",0.640632422008664,356.4903,-465.0749,-322.0964,-367.33,1,-20.67279,324.78499,-4999.96816,355.061406845719,-470.317888575457,-316.648710624461,-367.51205578468
1,"I1+I2_log","I-i_log",0.0100839598215345,356.4903,-465.0749,-322.0964,-367.33,296.297,-407.8744,-253.256,-312.6993,558.555055286152,-731.906830890359,-503.947932848528,-575.41325495539
1,"I1+I2_log","I-i_none",0.225511949724575,356.4903,-465.0749,-322.0964,-367.33,1.958208,-69.747557,1519.003656,-253.527388,260.509250822093,-381.856952950429,-207.215935478939,-282.313600562396
1,"I1+I2_log","I-i+Ig-i_log",-0.0730148036366787,356.4903,-465.0749,-322.0964,-367.33,303.4573,-419.5405,-257.9821,-320.6268,356.667638427018,-464.864277416476,-322.471558710874,-367.388482008674
1,"I1+I2_log","I-i+Ig-i_none",0.126970598913128,356.4903,-465.0749,-322.0964,-367.33,1.738925,-32.23447,294.1821,16.1966,356.432369649794,-465.294024159817,-322.277684421025,-366.946481667738
1,"I1+I2_log","I1+I2_none",0.747587911225556,356.4903,-465.0749,-322.0964,-367.33,0.9999997,-9.1495804,-71.9937848,4998.243879,355.584676599985,-466.725694041204,-319.705178191653,-367.097298417015
1,"I1+I2_log","Ig-i_log",-0.157885776407282,356.4903,-465.0749,-322.0964,-367.33,2.188023,-5.185792,3.701277,-8.106463,534.136215815846,-703.382855773755,-479.816159283557,-551.11516088654
1,"I1+I2_log","Ig-i_none",0.577226419010894,356.4903,-465.0749,-322.0964,-367.33,1.178482,-108.3889,2.022846,0.4681743,354.425338009115,-471.720862160836,-315.875031680672,-366.556040422003
1,"I1+I2_log","Ig1+Ig2_none",0.75575090629352,356.4903,-465.0749,-322.0964,-367.33,1,-31.28019,341.47294,-4999.99774,357.647096686561,-461.360922401929,-329.585082456268,-364.595802022907
1,"I1+I2_log","R_log",-0.0385259935459783,356.4903,-465.0749,-322.0964,-367.33,-1708.033,2029.536,1652.683,1716.579,354.516552407411,-471.354199536555,-315.133283550745,-367.342270167286
1,"I1+I2_log","R_none",-0.0987892084939492,356.4903,-465.0749,-322.0964,-367.33,-85.83515,132.203,63.44411,95.46252,355.341122554402,-468.772978702007,-317.773665521081,-367.525786868994
1,"I1+I2_log","sum_log",-0.0717667071188566,356.4903,-465.0749,-322.0964,-367.33,366.9224,-475.8806,-333.6755,-376.6502,357.136715651343,-463.341378362615,-324.317573969329,-367.272971621984
1,"I1+I2_log","sum_none",0.126543053015423,356.4903,-465.0749,-322.0964,-367.33,1.832057,-16.921,61.96135,1.122217,379.32245547705,-496.941036032708,-342.171496741108,-390.850455323125
1,"I1+I2_none","G-i_log",-0.29648521452985,0.9999997,-9.1495804,-71.9937848,4998.243879,1.76218,-4.329083,2.546559,-6.721427,1.9540528336263,-27.9453627149995,218.13768216644,9.92903408574937
1,"I1+I2_none","G-i_none",0.25584371756523,0.9999997,-9.1495804,-71.9937848,4998.243879,1.353023,-165.8444,60.96032,-7.602019,1.61699059932244,-38.9671741357632,475.446378919447,15.9901969104676
1,"I1+I2_none","G1+G2_none",0.401477137703902,0.9999997,-9.1495804,-71.9937848,4998.243879,1,-20.67279,324.78499,-4999.96816,1.94529856016171,-25.5116195674875,170.887706002102,4.93909958919654
1,"I1+I2_none","I-i_log",-0.0956091406045871,0.9999997,-9.1495804,-71.9937848,4998.243879,296.297,-407.8744,-253.256,-312.6993,1.94665628010827,-30.2700931733656,268.571226649806,13.6955484006641
1,"I1+I2_none","I-i_none",-0.0961441847243596,0.9999997,-9.1495804,-71.9937848,4998.243879,1.958208,-69.747557,1519.003656,-253.527388,0.795202390798896,-9.75078865462032,-0.211621896196072,0.479766208643113
1,"I1+I2_none","I-i+Ig-i_log",-0.198811865389241,0.9999997,-9.1495804,-71.9937848,4998.243879,303.4573,-419.5405,-257.9821,-320.6268,1.92029566181553,-30.1369362992304,261.717776889125,10.7060596973959
1,"I1+I2_none","I-i+Ig-i_none",0.00929099440067382,0.9999997,-9.1495804,-71.9937848,4998.243879,1.738925,-32.23447,294.1821,16.1966,1.90948321244196,-32.4510490583627,299.791818783718,9.29693475289188
1,"I1+I2_none","I1+I2_log",-0.0996986446532229,0.9999997,-9.1495804,-71.9937848,4998.243879,356.4903,-465.0749,-322.0964,-367.33,1.96931858622607,-33.9009408866088,329.93053403102,11.7584984898376
1,"I1+I2_none","Ig-i_log",-0.284430974904724,0.9999997,-9.1495804,-71.9937848,4998.243879,2.188023,-5.185792,3.701277,-8.106463,1.91883801260935,-27.7365446740951,218.191929611268,8.12951373638532
1,"I1+I2_none","Ig-i_none",0.330942523644692,0.9999997,-9.1495804,-71.9937848,4998.243879,1.178482,-108.3889,2.022846,0.4681743,1.61783708851246,-31.0969317350407,302.465780686236,9.31067967594204
1,"I1+I2_none","Ig1+Ig2_none",0.497910366604529,0.9999997,-9.1495804,-71.9937848,4998.243879,1,-31.28019,341.47294,-4999.99774,1.73960220785099,-45.9006440131519,537.376935938993,5021.17593918573
1,"I1+I2_none","R_log",-0.173286041784256,0.9999997,-9.1495804,-71.9937848,4998.243879,-1708.033,2029.536,1652.683,1716.579,1.92567392652907,-31.1790188230614,270.106353933146,10.2979191286654
1,"I1+I2_none","R_none",-0.203363441913158,0.9999997,-9.1495804,-71.9937848,4998.243879,-85.83515,132.203,63.44411,95.46252,1.97265813098245,-30.6940491974946,257.000521814495,9.82793055244878
1,"I1+I2_none","sum_log",-0.19307803320203,0.9999997,-9.1495804,-71.9937848,4998.243879,366.9224,-475.8806,-333.6755,-376.6502,1.92109665102795,-33.414245665387,322.858002647774,19.83837491033
1,"I1+I2_none","sum_none",-0.00772106885843571,0.9999997,-9.1495804,-71.9937848,4998.243879,1.832057,-16.921,61.96135,1.122217,1.88210898811547,-33.4297240525228,316.906673366209,2.30235992770263
1,"Ig-i_log","G-i_log",-0.0133842205100621,2.188023,-5.185792,3.701277,-8.106463,1.76218,-4.329083,2.546559,-6.721427,2.19833347221779,-5.48715715220106,4.45875408734219,-9.10818764800355
1,"Ig-i_log","G-i_none",0.608401086019408,2.188023,-5.185792,3.701277,-8.106463,1.353023,-165.8444,60.96032,-7.602019,2.14987016174547,-4.70358302151787,2.28940764056752,-6.60850767025894
1,"Ig-i_log","G1+G2_none",0.814551683903097,2.188023,-5.185792,3.701277,-8.106463,1,-20.67279,324.78499,-4999.96816,2.20831168554059,-7.53246495306439,6.0381611243401,-9.58383647928847
1,"Ig-i_log","I-i_log",0.151500943638184,2.188023,-5.185792,3.701277,-8.106463,296.297,-407.8744,-253.256,-312.6993,2.19381116297088,-5.4251342295955,4.26237232136415,-8.73600503266887
1,"Ig-i_log","I-i_none",0.265190233490767,2.188023,-5.185792,3.701277,-8.106463,1.958208,-69.747557,1519.003656,-253.527388,2.19290951352825,-5.78568879397834,4.97895105728423,-9.43875419804011
1,"Ig-i_log","I-i+Ig-i_log",0.0814403959327619,2.188023,-5.185792,3.701277,-8.106463,303.4573,-419.5405,-257.9821,-320.6268,2.1939515350952,-5.37912676684831,4.12824964284489,-8.73264940953131
1,"Ig-i_log","I-i+Ig-i_none",0.287230718329043,2.188023,-5.185792,3.701277,-8.106463,1.738925,-32.23447,294.1821,16.1966,2.17917536061174,-5.37111506228548,4.23264178854159,-8.86429440778012
1,"Ig-i_log","I1+I2_log",0.174747624520165,2.188023,-5.185792,3.701277,-8.106463,356.4903,-465.0749,-322.0964,-367.33,2.19171825438617,-5.50021778994965,4.39713821888045,-9.03717930282258
1,"Ig-i_log","I1+I2_none",0.900024875865572,2.188023,-5.185792,3.701277,-8.106463,0.9999997,-9.1495804,-71.9937848,4998.243879,2.18585414481819,-5.4265935637688,4.29486298417914,-8.53713814108231
1,"Ig-i_log","Ig-i_none",0.722145660375758,2.188023,-5.185792,3.701277,-8.106463,1.178482,-108.3889,2.022846,0.4681743,2.1598418459406,-5.1131599676032,3.26460362084271,-7.67334658461969
1,"Ig-i_log","Ig1+Ig2_none",0.839851867366201,2.188023,-5.185792,3.701277,-8.106463,1,-31.28019,341.47294,-4999.99774,2.12435023290201,-2.99710595282861,-2.43872819837972,-1.56821074586576
1,"Ig-i_log","R_log",0.138972110625236,2.188023,-5.185792,3.701277,-8.106463,-1708.033,2029.536,1652.683,1716.579,2.1755375416069,-5.1284190478247,3.66373954142034,-8.24196799290408
1,"Ig-i_log","R_none",0.0766828752988387,2.188023,-5.185792,3.701277,-8.106463,-85.83515,132.203,63.44411,95.46252,2.18420684733707,-5.33196561133208,4.17925495326411,-8.85130210548717
1,"Ig-i_log","sum_log",0.0805370039879434,2.188023,-5.185792,3.701277,-8.106463,366.9224,-475.8806,-333.6755,-376.6502,2.19090654699315,-5.34500553358241,3.9236471123725,-8.49917456309651
1,"Ig-i_log","sum_none",0.282176908634572,2.188023,-5.185792,3.701277,-8.106463,1.832057,-16.921,61.96135,1.122217,2.17709389262104,-5.26011909850518,3.91733607147896,-8.5951978810421
1,"Ig-i_none","G-i_log",-0.649013921867069,1.178482,-108.3889,2.022846,0.4681743,1.76218,-4.329083,2.546559,-6.721427,1.20620970697342,-81.2263646405294,0.149014879699533,0.373235827073742
1,"Ig-i_none","G-i_none",-0.107134557611705,1.178482,-108.3889,2.022846,0.4681743,1.353023,-165.8444,60.96032,-7.602019,1.03401183031542,-49.4367159043716,2.15530913084634,-0.806873140384831
1,"Ig-i_none","G1+G2_none",0.013099055047384,1.178482,-108.3889,2.022846,0.4681743,1,-20.67279,324.78499,-4999.96816,1.27460913773524,-83.6801960525563,3.64887096788961,0.913599979341349
1,"Ig-i_none","I-i_log",-0.52446060934294,1.178482,-108.3889,2.022846,0.4681743,296.297,-407.8744,-253.256,-312.6993,1.16228858598592,-67.7944709428975,8.3303481853351,10.3284293420133
1,"Ig-i_none","I-i_none",-0.320002388983455,1.178482,-108.3889,2.022846,0.4681743,1.958208,-69.747557,1519.003656,-253.527388,1.08573988508946,-52.0537141050474,2.47598529731185,0.226705951698269
1,"Ig-i_none","I-i+Ig-i_log",-0.596695965060317,1.178482,-108.3889,2.022846,0.4681743,303.4573,-419.5405,-257.9821,-320.6268,1.193754253827,-87.3348986100262,-0.0176546312182683,0.498729478655305
1,"Ig-i_none","I-i+Ig-i_none",-0.333414965036155,1.178482,-108.3889,2.022846,0.4681743,1.738925,-32.23447,294.1821,16.1966,1.13773393670173,-64.7425047881204,3.16450531317058,0.486110510187042
1,"Ig-i_none","I1+I2_log",-0.516174510617955,1.178482,-108.3889,2.022846,0.4681743,356.4903,-465.0749,-322.0964,-367.33,1.17434173619276,-90.4911589889658,-0.0533639169661545,0.480176026340269
1,"Ig-i_none","I1+I2_none",0.374291720347882,1.178482,-108.3889,2.022846,0.4681743,0.9999997,-9.1495804,-71.9937848,4998.243879,1.1706441210248,-56.6163114289651,730.911396738877,-10.1737357518096
1,"Ig-i_none","Ig-i_log",-0.656998393913386,1.178482,-108.3889,2.022846,0.4681743,2.188023,-5.185792,3.701277,-8.106463,1.20393627922151,-86.5198185878863,-0.0302275027575539,0.499190057831142
1,"Ig-i_none","Ig1+Ig2_none",0.0482324783118304,1.178482,-108.3889,2.022846,0.4681743,1,-31.28019,341.47294,-4999.99774,1.22528407474377,-90.4317514778018,3.62821513605474,0.639735700625252
1,"Ig-i_none","R_log",-0.493227029108656,1.178482,-108.3889,2.022846,0.4681743,-1708.033,2029.536,1652.683,1716.579,1.16066765403578,-72.1112579518914,1.53998733806399,0.665089043911255
1,"Ig-i_none","R_none",-0.536322382723821,1.178482,-108.3889,2.022846,0.4681743,-85.83515,132.203,63.44411,95.46252,1.18532998595687,-77.3029960713325,1.9594051890093,1.63730156265773
1,"Ig-i_none","sum_log",-0.615924808267973,1.178482,-108.3889,2.022846,0.4681743,366.9224,-475.8806,-333.6755,-376.6502,1.16554604389728,-81.25338497315,0.0260122095497822,0.508743174615396
1,"Ig-i_none","sum_none",-0.352938232760715,1.178482,-108.3889,2.022846,0.4681743,1.832057,-16.921,61.96135,1.122217,1.15478528981096,-74.1854181114006,2.41024141656689,0.268859623746528
1,"Ig1+Ig2_none","G-i_log",-0.556658672949704,1,-31.28019,341.47294,-4999.99774,1.76218,-4.329083,2.546559,-6.721427,1.36783738165092,-33.7671146306423,341.405152012301,-5000.00294192177
1,"Ig1+Ig2_none","G-i_none",-0.147584080833453,1,-31.28019,341.47294,-4999.99774,1.353023,-165.8444,60.96032,-7.602019,1.05864473536792,-29.7920012672678,341.717572527358,-4999.99721315551
1,"Ig1+Ig2_none","G1+G2_none",0.151610668774772,1,-31.28019,341.47294,-4999.99774,1,-20.67279,324.78499,-4999.96816,1.43750914338504,-53.2126034715534,652.546693118671,-4968.35324197205
1,"Ig1+Ig2_none","I-i_log",-0.358442032718292,1,-31.28019,341.47294,-4999.99774,296.297,-407.8744,-253.256,-312.6993,1.40723342484134,-36.7391187242581,450.218969838535,-5003.84178179889
1,"Ig1+Ig2_none","I-i_none",-0.199947030184363,1,-31.28019,341.47294,-4999.99774,1.958208,-69.747557,1519.003656,-253.527388,0.693605378705643,-14.9846417913511,-0.018989476573666,0.487820778484779
1,"Ig1+Ig2_none","I-i+Ig-i_log",-0.46044625790498,1,-31.28019,341.47294,-4999.99774,303.4573,-419.5405,-257.9821,-320.6268,1.38099730810014,-39.9242041644141,474.175276105934,-5022.71071545904
1,"Ig1+Ig2_none","I-i+Ig-i_none",-0.363564651802778,1,-31.28019,341.47294,-4999.99774,1.738925,-32.23447,294.1821,16.1966,1.2140717950021,-35.2866463909047,446.383511354721,-5000.38730421517
1,"Ig1+Ig2_none","I1+I2_log",-0.369894884251832,1,-31.28019,341.47294,-4999.99774,356.4903,-465.0749,-322.0964,-367.33,1.36026529191884,-37.7393774019226,451.000593308336,-4996.81079320048
1,"Ig1+Ig2_none","I1+I2_none",0.384656723513469,1,-31.28019,341.47294,-4999.99774,0.9999997,-9.1495804,-71.9937848,4998.243879,1.31320665138922,-30.005657704378,341.530237433943,-4999.99187974265
1,"Ig1+Ig2_none","Ig-i_log",-0.53363537533725,1,-31.28019,341.47294,-4999.99774,2.188023,-5.185792,3.701277,-8.106463,1.34453756459987,-35.2732014846309,341.396900002643,-5000.04600059643
1,"Ig1+Ig2_none","Ig-i_none",0.0249846166182501,1,-31.28019,341.47294,-4999.99774,1.178482,-108.3889,2.022846,0.4681743,1.20754076088356,-65.4983976861332,341.793627661513,-5000.01562335647
1,"Ig1+Ig2_none","R_log",-0.512725873728685,1,-31.28019,341.47294,-4999.99774,-1708.033,2029.536,1652.683,1716.579,1.25061323302225,-30.1723679033344,341.560106190157,-5000.00907619
1,"Ig1+Ig2_none","R_none",-0.549602855870706,1,-31.28019,341.47294,-4999.99774,-85.83515,132.203,63.44411,95.46252,1.2831006836255,-35.3338905616708,428.37054609003,-4984.01961936958
1,"Ig1+Ig2_none","sum_log",-0.492618351205686,1,-31.28019,341.47294,-4999.99774,366.9224,-475.8806,-333.6755,-376.6502,1.31748157474799,-32.8395977782656,341.463953844796,-5000.00174283296
1,"Ig1+Ig2_none","sum_none",-0.401091537562867,1,-31.28019,341.47294,-4999.99774,1.832057,-16.921,61.96135,1.122217,1.19900493677036,-31.0780562948708,341.533418990556,-4999.9978972376
1,"R_log","G-i_log",-0.110967950913511,-1708.033,2029.536,1652.683,1716.579,1.76218,-4.329083,2.546559,-6.721427,-962.962126270061,1164.25857168047,924.273680487899,969.721369519336
1,"R_log","G-i_none",0.434501630795454,-1708.033,2029.536,1652.683,1716.579,1.353023,-165.8444,60.96032,-7.602019,-812.949854248099,992.987557819429,777.011750027344,819.182511579989
1,"R_log","G1+G2_none",0.590851650083589,-1708.033,2029.536,1652.683,1716.579,1,-20.67279,324.78499,-4999.96816,-603.983819276582,741.776283367388,574.717386856923,609.700657947031
1,"R_log","I-i_log",0.0459467498447603,-1708.033,2029.536,1652.683,1716.579,296.297,-407.8744,-253.256,-312.6993,-814.016274580609,988.488293959493,779.541122823829,820.237333969476
1,"R_log","I-i_none",0.158749971931575,-1708.033,2029.536,1652.683,1716.579,1.958208,-69.747557,1519.003656,-253.527388,-914.651254429916,1106.95401700749,877.404593822141,921.21692286373
1,"R_log","I-i+Ig-i_log",-0.0266782158682917,-1708.033,2029.536,1652.683,1716.579,303.4573,-419.5405,-257.9821,-320.6268,-895.051301409447,1085.27024405287,857.881997064279,901.600726152572
1,"R_log","I-i+Ig-i_none",0.155845880803912,-1708.033,2029.536,1652.683,1716.579,1.738925,-32.23447,294.1821,16.1966,-1220.33192371313,1466.80480394848,1174.78041777784,1227.86366553722
1,"R_log","I1+I2_log",0.0770788304431327,-1708.033,2029.536,1652.683,1716.579,356.4903,-465.0749,-322.0964,-367.33,-998.473186755294,1204.84823446756,958.993916226263,1005.26555088812
1,"R_log","I1+I2_none",0.778845018415307,-1708.033,2029.536,1652.683,1716.579,0.9999997,-9.1495804,-71.9937848,4998.243879,-597.021184533495,725.998251782794,571.081568123617,602.208953120394
1,"R_log","Ig-i_log",-0.0993599160534107,-1708.033,2029.536,1652.683,1716.579,2.188023,-5.185792,3.701277,-8.106463,-814.583943040373,989.760114821833,779.758814352363,820.865852543892
1,"R_log","Ig-i_none",0.56309704725879,-1708.033,2029.536,1652.683,1716.579,1.178482,-108.3889,2.022846,0.4681743,-1040.1591739146,1263.28793936563,997.852843462169,1047.0887540941
1,"R_log","Ig1+Ig2_none",0.655876264682528,-1708.033,2029.536,1652.683,1716.579,1,-31.28019,341.47294,-4999.99774,-1197.19183950131,1445.61864651202,1150.95952575261,1204.69085187828
1,"R_log","R_none",-0.0471254712918243,-1708.033,2029.536,1652.683,1716.579,-85.83515,132.203,63.44411,95.46252,-1708.90349067681,2026.39055395456,1654.48109374825,1717.42465116574
1,"R_log","sum_log",-0.0456030175401598,-1708.033,2029.536,1652.683,1716.579,366.9224,-475.8806,-333.6755,-376.6502,-1553.45078833446,1848.65149771002,1501.90023803492,1561.55843447499
1,"R_log","sum_none",0.150454290462429,-1708.033,2029.536,1652.683,1716.579,1.832057,-16.921,61.96135,1.122217,-981.196604654824,1188.41287818306,940.947540507142,988.133372883645
1,"R_none","G-i_log",-0.0753240307900733,-85.83515,132.203,63.44411,95.46252,1.76218,-4.329083,2.546559,-6.721427,-80.7213368132473,123.685079465431,59.9716856242693,89.9116350410188
1,"R_none","G-i_none",0.485181923484515,-85.83515,132.203,63.44411,95.46252,1.353023,-165.8444,60.96032,-7.602019,-92.7332259803914,143.750176645496,68.4437684266643,102.693651188062
1,"R_none","G1+G2_none",0.629991378617726,-85.83515,132.203,63.44411,95.46252,1,-20.67279,324.78499,-4999.96816,-67.596766213145,104.600782708223,49.1233677215896,76.1956955174048
1,"R_none","I-i_log",0.0816584001470959,-85.83515,132.203,63.44411,95.46252,296.297,-407.8744,-253.256,-312.6993,-78.3462700672259,120.313974282146,58.054602880738,87.3396246688555
1,"R_none","I-i_none",0.190184059399391,-85.83515,132.203,63.44411,95.46252,1.958208,-69.747557,1519.003656,-253.527388,-86.0460705529566,131.504431427701,64.3562806542863,95.490094731397
1,"R_none","I-i+Ig-i_log",0.00932014093682643,-85.83515,132.203,63.44411,95.46252,303.4573,-419.5405,-257.9821,-320.6268,-82.0200609593862,125.752872789491,60.9111855233963,91.2711118028889
1,"R_none","I-i+Ig-i_none",0.197212236473306,-85.83515,132.203,63.44411,95.46252,1.738925,-32.23447,294.1821,16.1966,-85.5112860436259,131.184826717361,63.4738433982717,95.0691028808891
1,"R_none","I1+I2_log",0.110290520994111,-85.83515,132.203,63.44411,95.46252,356.4903,-465.0749,-322.0964,-367.33,-91.7835938338438,139.35044549569,69.2549164265645,101.431076922321
1,"R_none","I1+I2_none",0.807581879399527,-85.83515,132.203,63.44411,95.46252,0.9999997,-9.1495804,-71.9937848,4998.243879,-58.8263517185939,90.3547330454512,43.6068401404444,66.2029984034
1,"R_none","Ig-i_log",-0.0623279173098954,-85.83515,132.203,63.44411,95.46252,2.188023,-5.185792,3.701277,-8.106463,-81.7394127135923,125.156577391343,60.8307051434868,90.9377570803205
1,"R_none","Ig-i_none",0.600043731910954,-85.83515,132.203,63.44411,95.46252,1.178482,-108.3889,2.022846,0.4681743,-87.501797594114,135.706950104282,64.4372592833023,97.0751067550885
1,"R_none","Ig1+Ig2_none",0.700417700672197,-85.83515,132.203,63.44411,95.46252,1,-31.28019,341.47294,-4999.99774,-91.3639470887102,140.930478195349,67.5880082000183,101.315335584652
1,"R_none","R_log",0.0559541619126265,-85.83515,132.203,63.44411,95.46252,-1708.033,2029.536,1652.683,1716.579,-83.8346599431842,129.083283516601,61.8353986151511,93.4161481706541
1,"R_none","sum_log",0.00696054392785106,-85.83515,132.203,63.44411,95.46252,366.9224,-475.8806,-333.6755,-376.6502,-89.8235063583647,137.183336669741,67.2566846552458,99.4743658031473
1,"R_none","sum_none",0.185656602295246,-85.83515,132.203,63.44411,95.46252,1.832057,-16.921,61.96135,1.122217,-88.9906365624541,136.237232263007,66.2479731732376,98.7619636576792
1,"sum_log","G-i_log",-0.0941801308290389,366.9224,-475.8806,-333.6755,-376.6502,1.76218,-4.329083,2.546559,-6.721427,366.393340570563,-477.839110291686,-331.382466476922,-376.873937049086
1,"sum_log","G-i_none",0.528665847628535,366.9224,-475.8806,-333.6755,-376.6502,1.353023,-165.8444,60.96032,-7.602019,365.746634198643,-479.254722149526,-330.499029628168,-376.195929476352
1,"sum_log","G1+G2_none",0.755934690291594,366.9224,-475.8806,-333.6755,-376.6502,1,-20.67279,324.78499,-4999.96816,739.811825252479,-968.969179024388,-670.432881542882,-759.660286423653
1,"sum_log","I-i_log",0.0670842903547841,366.9224,-475.8806,-333.6755,-376.6502,296.297,-407.8744,-253.256,-312.6993,366.869394515828,-476.266797318695,-333.261190747209,-376.705017518336
1,"sum_log","I-i_none",0.228912678586791,366.9224,-475.8806,-333.6755,-376.6502,1.958208,-69.747557,1519.003656,-253.527388,178.072955837389,-256.99477256857,-145.498206770756,-190.337664164406
1,"sum_log","I-i+Ig-i_log",0.00764578338318467,366.9224,-475.8806,-333.6755,-376.6502,303.4573,-419.5405,-257.9821,-320.6268,502.897925429042,-656.073708305179,-456.002233286756,-516.540397503302
1,"sum_log","I-i+Ig-i_none",0.21052584060869,366.9224,-475.8806,-333.6755,-376.6502,1.738925,-32.23447,294.1821,16.1966,452.164187212105,-591.621150130022,-409.029179938619,-464.768793692192
1,"sum_log","I1+I2_log",0.0754901365272982,366.9224,-475.8806,-333.6755,-376.6502,356.4903,-465.0749,-322.0964,-367.33,492.727644685662,-642.561071832614,-446.809702377072,-506.165160123889
1,"sum_log","I1+I2_none",0.810360909897131,366.9224,-475.8806,-333.6755,-376.6502,0.9999997,-9.1495804,-71.9937848,4998.243879,365.967663941042,-478.885223409753,-330.550218849408,-376.56032036566
1,"sum_log","Ig-i_log",-0.0666143324827702,366.9224,-475.8806,-333.6755,-376.6502,2.188023,-5.185792,3.701277,-8.106463,444.217343568763,-580.509690976973,-401.739406353201,-456.78883641059
1,"sum_log","Ig-i_none",0.662362587855674,366.9224,-475.8806,-333.6755,-376.6502,1.178482,-108.3889,2.022846,0.4681743,364.660037511176,-482.805478666926,-326.09714482648,-376.636620645677
1,"sum_log","Ig1+Ig2_none",0.811397597119323,366.9224,-475.8806,-333.6755,-376.6502,1,-31.28019,341.47294,-4999.99774,369.659933597101,-466.402424310877,-346.983087221993,-374.369747861752
1,"sum_log","R_log",0.0543228538265188,366.9224,-475.8806,-333.6755,-376.6502,-1708.033,2029.536,1652.683,1716.579,366.119321630094,-478.046087904121,-331.049154036181,-376.650501657157
1,"sum_log","R_none",-0.00281118522514578,366.9224,-475.8806,-333.6755,-376.6502,-85.83515,132.203,63.44411,95.46252,366.189702457377,-478.450991232186,-330.815103071344,-376.829405933307
1,"sum_log","sum_none",0.211529678417832,366.9224,-475.8806,-333.6755,-376.6502,1.832057,-16.921,61.96135,1.122217,365.897552746351,-479.157476476187,-330.177382692746,-376.649678703323
1,"sum_none","G-i_log",-0.269725275720251,1.832057,-16.921,61.96135,1.122217,1.76218,-4.329083,2.546559,-6.721427,1.80517205396531,-17.0370345943053,73.7476099210306,-113.152154528821
1,"sum_none","G-i_none",0.287672935141139,1.832057,-16.921,61.96135,1.122217,1.353023,-165.8444,60.96032,-7.602019,1.6362616646783,-19.5685545051336,94.8529229737585,1.3219782288901
1,"sum_none","G1+G2_none",0.421890855552923,1.832057,-16.921,61.96135,1.122217,1,-20.67279,324.78499,-4999.96816,1.81915738418355,-14.8494112957827,49.4192325745911,-0.681669269523169
1,"sum_none","I-i_log",-0.114537145148465,1.832057,-16.921,61.96135,1.122217,296.297,-407.8744,-253.256,-312.6993,1.78050418681557,-17.2807426247184,75.8298089421881,-0.313865139174261
1,"sum_none","I-i_none",-0.00771461012916763,1.832057,-16.921,61.96135,1.122217,1.958208,-69.747557,1519.003656,-253.527388,1.80244014192398,-17.9418522324577,79.6975454542505,1.09720622356231
1,"sum_none","I-i+Ig-i_log",-0.186846077353636,1.832057,-16.921,61.96135,1.122217,303.4573,-419.5405,-257.9821,-320.6268,1.7802566928044,-17.1396054343853,70.835039046872,0.694898255628871
1,"sum_none","I-i+Ig-i_none",0.0926104413010362,1.832057,-16.921,61.96135,1.122217,1.738925,-32.23447,294.1821,16.1966,1.91584785641873,-29.3958708671995,347.934678418483,-4189.29474354258
1,"sum_none","I1+I2_log",-0.104241035742576,1.832057,-16.921,61.96135,1.122217,356.4903,-465.0749,-322.0964,-367.33,1.78464928030717,-18.4183469784957,83.5869862227361,1.84308995906058
1,"sum_none","I1+I2_none",0.571622388990986,1.832057,-16.921,61.96135,1.122217,0.9999997,-9.1495804,-71.9937848,4998.243879,1.68808213805295,-18.3050452051985,86.7568752587125,0.906931886614131
1,"sum_none","Ig-i_log",-0.25882686397523,1.832057,-16.921,61.96135,1.122217,2.188023,-5.185792,3.701277,-8.106463,1.77707608132989,-16.3874028770715,65.4705017932344,-45.2018730744745
1,"sum_none","Ig-i_none",0.402456061161846,1.832057,-16.921,61.96135,1.122217,1.178482,-108.3889,2.022846,0.4681743,1.61669120819545,-18.2630715682437,83.2931289179418,1.2947771124963
1,"sum_none","Ig1+Ig2_none",0.49839043447276,1.832057,-16.921,61.96135,1.122217,1,-31.28019,341.47294,-4999.99774,1.69873688041062,-18.7380641457587,84.8157606205899,1.78416834561373
1,"sum_none","R_log",-0.125688483763314,1.832057,-16.921,61.96135,1.122217,-1708.033,2029.536,1652.683,1716.579,1.79610234997222,-18.5353756383827,80.717165350624,-15.4828255184569
1,"sum_none","R_none",-0.180996264957863,1.832057,-16.921,61.96135,1.122217,-85.83515,132.203,63.44411,95.46252,1.81698456060696,-17.5797910441814,70.4600112910759,0.918000439958716
1,"sum_none","sum_log",-0.191826248985302,1.832057,-16.921,61.96135,1.122217,366.9224,-475.8806,-333.6755,-376.6502,1.7663671508458,-18.3007061607969,81.8072960865494,3.86036874574037
