"","day","mouse","RBC","asex","gam","dose","strain","study","study_strain","id"
"1",3,1,9734000,12353.90693675,12.51290989,1e+06,"As6p","emph2018","As6pemph2018","emph2018As6p611"
"2",4,1,9034000,91041.5342433,22.5064642,1e+06,"As6p","emph2018","As6pemph2018","emph2018As6p611"
"3",5,1,8945000,317875.0415734,32.9437373,1e+06,"As6p","emph2018","As6pemph2018","emph2018As6p611"
"4",6,1,8655000,704275.7083651,813.675458,1e+06,"As6p","emph2018","As6pemph2018","emph2018As6p611"
"5",7,1,4739000,1016266.455001,947.811401,1e+06,"As6p","emph2018","As6pemph2018","emph2018As6p611"
"6",8,1,3190400,356793.7129295,2011.96055,1e+06,"As6p","emph2018","As6pemph2018","emph2018As6p611"
"7",9,1,4127000,42433.376151,573.144749,1e+06,"As6p","emph2018","As6pemph2018","emph2018As6p611"
"8",10,1,5027000,2168.711427,181.650193,1e+06,"As6p","emph2018","As6pemph2018","emph2018As6p611"
"9",11,1,5496000,1375.207913,322.215207,1e+06,"As6p","emph2018","As6pemph2018","emph2018As6p611"
"10",12,1,5880000,58.245882,500.56441,1e+06,"As6p","emph2018","As6pemph2018","emph2018As6p611"
"11",13,1,5870000,82.2832975,109.2849185,1e+06,"As6p","emph2018","As6pemph2018","emph2018As6p611"
"12",14,1,6863000,159.07027606,13.28949994,1e+06,"As6p","emph2018","As6pemph2018","emph2018As6p611"
"13",15,1,7633000,136.12020219,4.69410781,1e+06,"As6p","emph2018","As6pemph2018","emph2018As6p611"
"14",16,1,7422000,88.42585642,3.29387358,1e+06,"As6p","emph2018","As6pemph2018","emph2018As6p611"
"15",17,1,8139000,316.41075051,2.20896249,1e+06,"As6p","emph2018","As6pemph2018","emph2018As6p611"
"16",18,1,8260000,324.667174,0,1e+06,"As6p","emph2018","As6pemph2018","emph2018As6p611"
"17",19,1,8038000,0,0,1e+06,"As6p","emph2018","As6pemph2018","emph2018As6p611"
"18",20,1,7669000,184.676246,0,1e+06,"As6p","emph2018","As6pemph2018","emph2018As6p611"
"19",21,1,8578000,48.6415486,0,1e+06,"As6p","emph2018","As6pemph2018","emph2018As6p611"
"20",3,2,9241000,8404.3344581,17.0155317,1e+06,"As6p","emph2018","As6pemph2018","emph2018As6p621"
"21",4,2,9418000,55478.90670267,48.8336457,1e+06,"As6p","emph2018","As6pemph2018","emph2018As6p621"
"22",5,2,7992000,225937.4858797,279.268041,1e+06,"As6p","emph2018","As6pemph2018","emph2018As6p621"
"23",6,2,8024000,358511.9427444,984.045125,1e+06,"As6p","emph2018","As6pemph2018","emph2018As6p621"
"24",7,2,6063000,671959.9015641,531.752335,1e+06,"As6p","emph2018","As6pemph2018","emph2018As6p621"
"25",8,2,4338000,192241.424889,1297.480556,1e+06,"As6p","emph2018","As6pemph2018","emph2018As6p621"
"26",9,2,3901000,17590.281305,498.085095,1e+06,"As6p","emph2018","As6pemph2018","emph2018As6p621"
"27",10,2,4663000,9994.608835,79.83823,1e+06,"As6p","emph2018","As6pemph2018","emph2018As6p621"
"28",11,2,5401000,1763.38147,297.14626,1e+06,"As6p","emph2018","As6pemph2018","emph2018As6p621"
"29",12,2,6108000,104.044956,924.571574,1e+06,"As6p","emph2018","As6pemph2018","emph2018As6p621"
"30",13,2,5838000,828.851196,351.799794,1e+06,"As6p","emph2018","As6pemph2018","emph2018As6p621"
"31",14,2,6839000,219.6565662,88.6640198,1e+06,"As6p","emph2018","As6pemph2018","emph2018As6p621"
"32",15,2,6302000,59.7389594,18.4160946,1e+06,"As6p","emph2018","As6pemph2018","emph2018As6p621"
"33",16,2,7382000,0,0,1e+06,"As6p","emph2018","As6pemph2018","emph2018As6p621"
"34",17,2,7264000,15.4281916,0,1e+06,"As6p","emph2018","As6pemph2018","emph2018As6p621"
"35",18,2,7068000,0,0,1e+06,"As6p","emph2018","As6pemph2018","emph2018As6p621"
"36",19,2,7927000,363.159997,0,1e+06,"As6p","emph2018","As6pemph2018","emph2018As6p621"
"37",20,2,6621000,0,0,1e+06,"As6p","emph2018","As6pemph2018","emph2018As6p621"
"38",21,2,6959000,0,0,1e+06,"As6p","emph2018","As6pemph2018","emph2018As6p621"
"39",3,3,10030000,1175.129980673,5.048657,1e+06,"As6p","emph2018","As6pemph2018","emph2018As6p631"
"40",4,3,9274000,7835.007514622,13.97230472,1e+06,"As6p","emph2018","As6pemph2018","emph2018As6p631"
"41",5,3,8350000,60287.80528485,12.00641513,1e+06,"As6p","emph2018","As6pemph2018","emph2018As6p631"
"42",6,3,9552000,266035.1267175,359.057685,1e+06,"As6p","emph2018","As6pemph2018","emph2018As6p631"
"43",7,3,6743000,579264.9226819,1265.200875,1e+06,"As6p","emph2018","As6pemph2018","emph2018As6p631"
"44",8,3,5043000,765986.1134468,777.560341,1e+06,"As6p","emph2018","As6pemph2018","emph2018As6p631"
"45",9,3,3980000,148947.245006,661.606994,1e+06,"As6p","emph2018","As6pemph2018","emph2018As6p631"
"46",10,3,3881000,76132.683619,307.083526,1e+06,"As6p","emph2018","As6pemph2018","emph2018As6p631"
"47",11,3,4158000,3090.81406,179.86823,1e+06,"As6p","emph2018","As6pemph2018","emph2018As6p631"
"48",12,3,6385000,244.3781066,94.2848484,1e+06,"As6p","emph2018","As6pemph2018","emph2018As6p631"
"49",13,3,6974000,22.0912093,131.1611937,1e+06,"As6p","emph2018","As6pemph2018","emph2018As6p631"
"50",14,3,7610000,39.03414,66.084105,1e+06,"As6p","emph2018","As6pemph2018","emph2018As6p631"
"51",15,3,7562000,148.4257076,40.8288164,1e+06,"As6p","emph2018","As6pemph2018","emph2018As6p631"
"52",16,3,8250000,376.412356,17.388072,1e+06,"As6p","emph2018","As6pemph2018","emph2018As6p631"
"53",17,3,8664000,396.62475543,5.92510557,1e+06,"As6p","emph2018","As6pemph2018","emph2018As6p631"
"54",18,3,8688000,561.52090793,3.96380307,1e+06,"As6p","emph2018","As6pemph2018","emph2018As6p631"
"55",19,3,8274000,36.12285749,3.27882621,1e+06,"As6p","emph2018","As6pemph2018","emph2018As6p631"
"56",20,3,8060000,223.885103,0,1e+06,"As6p","emph2018","As6pemph2018","emph2018As6p631"
"57",21,3,7729000,113.31928538,8.13641162,1e+06,"As6p","emph2018","As6pemph2018","emph2018As6p631"
"58",3,4,8608000,28276.54767577,66.7252973,1e+06,"As6p","emph2018","As6pemph2018","emph2018As6p641"
"59",4,4,8634000,197554.0416309,107.3274743,1e+06,"As6p","emph2018","As6pemph2018","emph2018As6p641"
"60",5,4,8554000,778743.9908286,819.228552,1e+06,"As6p","emph2018","As6pemph2018","emph2018As6p641"
"61",6,4,6320000,4048595.168714,2716.74335,1e+06,"As6p","emph2018","As6pemph2018","emph2018As6p641"
"62",7,4,3432000,1476483.783207,165.866888,1e+06,"As6p","emph2018","As6pemph2018","emph2018As6p641"
"63",8,4,2500000,849627.671786,1992.06887,1e+06,"As6p","emph2018","As6pemph2018","emph2018As6p641"
"64",9,4,2187000,107884.90199,811.22901,1e+06,"As6p","emph2018","As6pemph2018","emph2018As6p641"
"65",10,4,2633000,76903.263366,142.965734,1e+06,"As6p","emph2018","As6pemph2018","emph2018As6p641"
"66",11,4,3942000,45183.480508,212.846692,1e+06,"As6p","emph2018","As6pemph2018","emph2018As6p641"
"67",12,4,5037000,25597.42172,2904.89978,1e+06,"As6p","emph2018","As6pemph2018","emph2018As6p641"
"68",13,4,4190000,39952.12027,5161.21933,1e+06,"As6p","emph2018","As6pemph2018","emph2018As6p641"
"69",14,4,5460000,32061.33537,3740.36463,1e+06,"As6p","emph2018","As6pemph2018","emph2018As6p641"
"70",15,4,5161000,13977.644052,1051.761148,1e+06,"As6p","emph2018","As6pemph2018","emph2018As6p641"
"71",16,4,5902000,2789.522783,328.359907,1e+06,"As6p","emph2018","As6pemph2018","emph2018As6p641"
"72",17,4,6142000,603.9440566,69.6989034,1e+06,"As6p","emph2018","As6pemph2018","emph2018As6p641"
"73",18,4,6047000,224.87290768,3.45114932,1e+06,"As6p","emph2018","As6pemph2018","emph2018As6p641"
"74",19,4,7265000,227.1563524,5.7208586,1e+06,"As6p","emph2018","As6pemph2018","emph2018As6p641"
"75",20,4,6517000,27.4541368,0,1e+06,"As6p","emph2018","As6pemph2018","emph2018As6p641"
"76",21,4,6921000,0,0,1e+06,"As6p","emph2018","As6pemph2018","emph2018As6p641"
"77",3,5,9671000,7027.926520077,0,1e+06,"As6p","emph2018","As6pemph2018","emph2018As6p651"
"78",4,5,9914000,49982.78866206,107.6535721,1e+06,"As6p","emph2018","As6pemph2018","emph2018As6p651"
"79",5,5,9541000,186835.9095947,349.351917,1e+06,"As6p","emph2018","As6pemph2018","emph2018As6p651"
"80",6,5,8755000,393633.0928702,1403.160822,1e+06,"As6p","emph2018","As6pemph2018","emph2018As6p651"
"81",7,5,6341000,624721.7258602,132.5701877,1e+06,"As6p","emph2018","As6pemph2018","emph2018As6p651"
"82",8,5,3397600,238715.9830767,376.388597,1e+06,"As6p","emph2018","As6pemph2018","emph2018As6p651"
"83",9,5,3556000,13205.6068,213.6355,1e+06,"As6p","emph2018","As6pemph2018","emph2018As6p651"
"84",10,5,3695000,6826.7313997,44.3285803,1e+06,"As6p","emph2018","As6pemph2018","emph2018As6p651"
"85",11,5,6154000,307.5710694,15.3065906,1e+06,"As6p","emph2018","As6pemph2018","emph2018As6p651"
"86",12,5,6751000,98.1488469,63.2916961,1e+06,"As6p","emph2018","As6pemph2018","emph2018As6p651"
"87",13,5,6613000,1.12819440000001,105.8994746,1e+06,"As6p","emph2018","As6pemph2018","emph2018As6p651"
"88",14,5,6621000,331.8205829,27.1379961,1e+06,"As6p","emph2018","As6pemph2018","emph2018As6p651"
"89",15,5,7827000,514.7656944,22.2472436,1e+06,"As6p","emph2018","As6pemph2018","emph2018As6p651"
"90",16,5,8400000,569.88558397,6.26483603,1e+06,"As6p","emph2018","As6pemph2018","emph2018As6p651"
"91",17,5,8190000,919.6528502,18.5286998,1e+06,"As6p","emph2018","As6pemph2018","emph2018As6p651"
"92",18,5,7355000,469.1667047,10.4841443,1e+06,"As6p","emph2018","As6pemph2018","emph2018As6p651"
"93",19,5,7540000,16.69872575,4.25463315,1e+06,"As6p","emph2018","As6pemph2018","emph2018As6p651"
"94",20,5,7946000,31.2387248,0,1e+06,"As6p","emph2018","As6pemph2018","emph2018As6p651"
"95",21,5,7744000,0,3.08871205,1e+06,"As6p","emph2018","As6pemph2018","emph2018As6p651"
"96",3,1,9486000,811.981289522,0,1e+05,"As6p","emph2018","As6pemph2018","emph2018As6p711"
"97",4,1,9207000,5453.101684484,3.27921204,1e+05,"As6p","emph2018","As6pemph2018","emph2018As6p711"
"98",5,1,9298000,22131.77166372,12.67231484,1e+05,"As6p","emph2018","As6pemph2018","emph2018As6p711"
"99",6,1,8594000,52488.50863258,90.7880854,1e+05,"As6p","emph2018","As6pemph2018","emph2018As6p711"
"100",7,1,8274000,263546.1020364,196.077377,1e+05,"As6p","emph2018","As6pemph2018","emph2018As6p711"
"101",8,1,6695000,646886.1281997,1013.176719,1e+05,"As6p","emph2018","As6pemph2018","emph2018As6p711"
"102",9,1,4978000,170508.278071,979.580929,1e+05,"As6p","emph2018","As6pemph2018","emph2018As6p711"
"103",10,1,4398000,63204.659608,384.755392,1e+05,"As6p","emph2018","As6pemph2018","emph2018As6p711"
"104",11,1,5201000,9595.7191903,116.5911097,1e+05,"As6p","emph2018","As6pemph2018","emph2018As6p711"
"105",12,1,4458000,1873.435103,174.256547,1e+05,"As6p","emph2018","As6pemph2018","emph2018As6p711"
"106",13,1,6901000,299.485145,372.690345,1e+05,"As6p","emph2018","As6pemph2018","emph2018As6p711"
"107",14,1,6932000,1007.550994,161.754226,1e+05,"As6p","emph2018","As6pemph2018","emph2018As6p711"
"108",15,1,7358000,482.5107351,54.5022029,1e+05,"As6p","emph2018","As6pemph2018","emph2018As6p711"
"109",16,1,7711000,116.98887057,9.86677343,1e+05,"As6p","emph2018","As6pemph2018","emph2018As6p711"
"110",17,1,7890000,2.27852739,5.85274101,1e+05,"As6p","emph2018","As6pemph2018","emph2018As6p711"
"111",18,1,9494000,19.3128188,0,1e+05,"As6p","emph2018","As6pemph2018","emph2018As6p711"
"112",19,1,7437000,0,0,1e+05,"As6p","emph2018","As6pemph2018","emph2018As6p711"
"113",20,1,8421000,0,0,1e+05,"As6p","emph2018","As6pemph2018","emph2018As6p711"
"114",21,1,8077000,0,0,1e+05,"As6p","emph2018","As6pemph2018","emph2018As6p711"
"115",3,2,9682000,3336.24979175,0,1e+05,"As6p","emph2018","As6pemph2018","emph2018As6p721"
"116",4,2,8221000,18410.0553291,63.340425,1e+05,"As6p","emph2018","As6pemph2018","emph2018As6p721"
"117",5,2,9082000,101135.4511357,217.753878,1e+05,"As6p","emph2018","As6pemph2018","emph2018As6p721"
"118",6,2,7932000,453955.8354525,1162.04851,1e+05,"As6p","emph2018","As6pemph2018","emph2018As6p721"
"119",7,2,6778000,1252042.210341,1748.3815,1e+05,"As6p","emph2018","As6pemph2018","emph2018As6p721"
"120",8,2,4347000,1744558.64718,7852.58364,1e+05,"As6p","emph2018","As6pemph2018","emph2018As6p721"
"121",9,2,2459000,387089.41691,2208.10509,1e+05,"As6p","emph2018","As6pemph2018","emph2018As6p721"
"122",10,2,2510000,85458.697764,990.131236,1e+05,"As6p","emph2018","As6pemph2018","emph2018As6p721"
"123",11,2,4342000,16051.251132,216.196268,1e+05,"As6p","emph2018","As6pemph2018","emph2018As6p721"
"124",12,2,4883000,5081.339226,596.787554,1e+05,"As6p","emph2018","As6pemph2018","emph2018As6p721"
"125",13,2,5204000,2719.756739,723.944261,1e+05,"As6p","emph2018","As6pemph2018","emph2018As6p721"
"126",14,2,4850000,311.365509,491.688891,1e+05,"As6p","emph2018","As6pemph2018","emph2018As6p721"
"127",15,2,6209000,0,176.407192,1e+05,"As6p","emph2018","As6pemph2018","emph2018As6p721"
"128",16,2,6494000,96.2045804,25.6325446,1e+05,"As6p","emph2018","As6pemph2018","emph2018As6p721"
"129",17,2,6621000,36.4429171,7.2771825,1e+05,"As6p","emph2018","As6pemph2018","emph2018As6p721"
"130",18,2,7262000,57.827454,0,1e+05,"As6p","emph2018","As6pemph2018","emph2018As6p721"
"131",19,2,7462000,27.2643364,0,1e+05,"As6p","emph2018","As6pemph2018","emph2018As6p721"
"132",20,2,8053000,5.7856575,0,1e+05,"As6p","emph2018","As6pemph2018","emph2018As6p721"
"133",21,2,7934000,12.9920201,0,1e+05,"As6p","emph2018","As6pemph2018","emph2018As6p721"
"134",3,3,9952000,2613.879888387,0,1e+05,"As6p","emph2018","As6pemph2018","emph2018As6p731"
"135",4,3,9913000,9938.3391962,11.49471881,1e+05,"As6p","emph2018","As6pemph2018","emph2018As6p731"
"136",5,3,8748000,31049.02488908,58.4999733,1e+05,"As6p","emph2018","As6pemph2018","emph2018As6p731"
"137",6,3,8399000,74751.05320236,63.6503751,1e+05,"As6p","emph2018","As6pemph2018","emph2018As6p731"
"138",7,3,7903000,171337.1868403,327.735434,1e+05,"As6p","emph2018","As6pemph2018","emph2018As6p731"
"139",8,3,7624000,349133.6974628,705.981731,1e+05,"As6p","emph2018","As6pemph2018","emph2018As6p731"
"140",9,3,5991000,122158.924062,339.418938,1e+05,"As6p","emph2018","As6pemph2018","emph2018As6p731"
"141",10,3,4785000,97938.6387441,135.1792559,1e+05,"As6p","emph2018","As6pemph2018","emph2018As6p731"
"142",11,3,4820000,14896.465343,264.840857,1e+05,"As6p","emph2018","As6pemph2018","emph2018As6p731"
"143",12,3,7668000,7748.116535,1227.489565,1e+05,"As6p","emph2018","As6pemph2018","emph2018As6p731"
"144",13,3,6942000,863.617249,1307.147741,1e+05,"As6p","emph2018","As6pemph2018","emph2018As6p731"
"145",14,3,7422000,0,497.039067,1e+05,"As6p","emph2018","As6pemph2018","emph2018As6p731"
"146",15,3,6449000,47.105755,154.790709,1e+05,"As6p","emph2018","As6pemph2018","emph2018As6p731"
"147",16,3,7141000,167.6143276,85.5493714,1e+05,"As6p","emph2018","As6pemph2018","emph2018As6p731"
"148",17,3,6743000,0.4523294,20.4965757,1e+05,"As6p","emph2018","As6pemph2018","emph2018As6p731"
"149",18,3,7282000,31.5581993,0,1e+05,"As6p","emph2018","As6pemph2018","emph2018As6p731"
"150",19,3,7086000,0,0,1e+05,"As6p","emph2018","As6pemph2018","emph2018As6p731"
"151",20,3,7800000,0,0,1e+05,"As6p","emph2018","As6pemph2018","emph2018As6p731"
"152",21,3,7226000,0,0,1e+05,"As6p","emph2018","As6pemph2018","emph2018As6p731"
"153",3,4,9930000,862.116080207,0,1e+05,"As6p","emph2018","As6pemph2018","emph2018As6p741"
"154",4,4,9814000,3908.676611689,0,1e+05,"As6p","emph2018","As6pemph2018","emph2018As6p741"
"155",5,4,9714000,14894.05982956,13.41295125,1e+05,"As6p","emph2018","As6pemph2018","emph2018As6p741"
"156",6,4,8824000,36040.33086303,68.9385325,1e+05,"As6p","emph2018","As6pemph2018","emph2018As6p741"
"157",7,4,7886000,204617.4042358,101.6809237,1e+05,"As6p","emph2018","As6pemph2018","emph2018As6p741"
"158",8,4,7391000,323968.2413306,1185.2126,1e+05,"As6p","emph2018","As6pemph2018","emph2018As6p741"
"159",9,4,5524000,159464.714267,192.024733,1e+05,"As6p","emph2018","As6pemph2018","emph2018As6p741"
"160",10,4,4553000,43013.5177312,124.2189688,1e+05,"As6p","emph2018","As6pemph2018","emph2018As6p741"
"161",11,4,5271000,14397.8409175,73.8685825,1e+05,"As6p","emph2018","As6pemph2018","emph2018As6p741"
"162",12,4,6198000,6278.492615,450.799485,1e+05,"As6p","emph2018","As6pemph2018","emph2018As6p741"
"163",13,4,6651000,1155.02067,1031.76658,1e+05,"As6p","emph2018","As6pemph2018","emph2018As6p741"
"164",14,4,7163000,481.173246,677.140224,1e+05,"As6p","emph2018","As6pemph2018","emph2018As6p741"
"165",15,4,6826000,0,237.172559,1e+05,"As6p","emph2018","As6pemph2018","emph2018As6p741"
"166",16,4,7123000,182.8853029,53.7188251,1e+05,"As6p","emph2018","As6pemph2018","emph2018As6p741"
"167",17,4,7010000,15.84807856,12.53655984,1e+05,"As6p","emph2018","As6pemph2018","emph2018As6p741"
"168",18,4,9455000,13.524706,0,1e+05,"As6p","emph2018","As6pemph2018","emph2018As6p741"
"169",19,4,7212000,0,0,1e+05,"As6p","emph2018","As6pemph2018","emph2018As6p741"
"170",20,4,7343000,0,0,1e+05,"As6p","emph2018","As6pemph2018","emph2018As6p741"
"171",21,4,8077000,0,0,1e+05,"As6p","emph2018","As6pemph2018","emph2018As6p741"
"172",3,5,9493000,1159.264046523,2.94861289,1e+05,"As6p","emph2018","As6pemph2018","emph2018As6p751"
"173",4,5,9460000,5201.101052412,25.7361471,1e+05,"As6p","emph2018","As6pemph2018","emph2018As6p751"
"174",5,5,8126000,34350.31786036,29.6047359,1e+05,"As6p","emph2018","As6pemph2018","emph2018As6p751"
"175",6,5,8257000,120274.4621107,85.4530568,1e+05,"As6p","emph2018","As6pemph2018","emph2018As6p751"
"176",7,5,7363000,389737.2728948,728.176959,1e+05,"As6p","emph2018","As6pemph2018","emph2018As6p751"
"177",8,5,5324000,664961.1177047,1033.650002,1e+05,"As6p","emph2018","As6pemph2018","emph2018As6p751"
"178",9,5,4586000,219301.911883,773.479117,1e+05,"As6p","emph2018","As6pemph2018","emph2018As6p751"
"179",10,5,3998000,58233.293012,717.317988,1e+05,"As6p","emph2018","As6pemph2018","emph2018As6p751"
"180",11,5,4987000,19005.750164,469.689436,1e+05,"As6p","emph2018","As6pemph2018","emph2018As6p751"
"181",12,5,6079000,2158.001571,1425.343189,1e+05,"As6p","emph2018","As6pemph2018","emph2018As6p751"
"182",13,5,6849000,0,1086.019994,1e+05,"As6p","emph2018","As6pemph2018","emph2018As6p751"
"183",14,5,7224000,0,556.661234,1e+05,"As6p","emph2018","As6pemph2018","emph2018As6p751"
"184",15,5,6547000,519.7461542,90.3273758,1e+05,"As6p","emph2018","As6pemph2018","emph2018As6p751"
"185",16,5,6859000,134.8340555,28.0419815,1e+05,"As6p","emph2018","As6pemph2018","emph2018As6p751"
"186",17,5,8082000,35.07710259,2.32396841,1e+05,"As6p","emph2018","As6pemph2018","emph2018As6p751"
"187",18,5,7529000,46.7196197,0,1e+05,"As6p","emph2018","As6pemph2018","emph2018As6p751"
"188",19,5,7130000,12.3649479,0,1e+05,"As6p","emph2018","As6pemph2018","emph2018As6p751"
"189",20,5,7213000,11.9961961,0,1e+05,"As6p","emph2018","As6pemph2018","emph2018As6p751"
"190",21,5,7434000,0,0,1e+05,"As6p","emph2018","As6pemph2018","emph2018As6p751"
"191",3,1,8117000,0,0,1000,"As6p","emph2018","As6pemph2018","emph2018As6p811"
"192",4,1,9264000,0,0,1000,"As6p","emph2018","As6pemph2018","emph2018As6p811"
"193",5,1,9223000,6.387447487891,0,1000,"As6p","emph2018","As6pemph2018","emph2018As6p811"
"194",6,1,9158000,118.9906162839,0,1000,"As6p","emph2018","As6pemph2018","emph2018As6p811"
"195",7,1,8426000,370.3273686366,0,1000,"As6p","emph2018","As6pemph2018","emph2018As6p811"
"196",8,1,9121000,2455.034743663,0,1000,"As6p","emph2018","As6pemph2018","emph2018As6p811"
"197",9,1,8865000,181979.7885655,32.5660526,1000,"As6p","emph2018","As6pemph2018","emph2018As6p811"
"198",10,1,9005000,42017.8934792,140.6353208,1000,"As6p","emph2018","As6pemph2018","emph2018As6p811"
"199",11,1,8626000,111834.826622,791.497378,1000,"As6p","emph2018","As6pemph2018","emph2018As6p811"
"200",12,1,7377000,594531.957267,1209.472733,1000,"As6p","emph2018","As6pemph2018","emph2018As6p811"
"201",13,1,5536000,701411.597852,478.732148,1000,"As6p","emph2018","As6pemph2018","emph2018As6p811"
"202",14,1,4081000,237941.688993,165.311007,1000,"As6p","emph2018","As6pemph2018","emph2018As6p811"
"203",15,1,2630000,667.220632,178.156288,1000,"As6p","emph2018","As6pemph2018","emph2018As6p811"
"204",16,1,3343000,7355.9453799,90.5227201,1000,"As6p","emph2018","As6pemph2018","emph2018As6p811"
"205",17,1,4659000,892.9579507,17.1075593,1000,"As6p","emph2018","As6pemph2018","emph2018As6p811"
"206",18,1,6211000,181.0491184,55.6143936,1000,"As6p","emph2018","As6pemph2018","emph2018As6p811"
"207",19,1,6686000,214.5650698,70.0635842,1000,"As6p","emph2018","As6pemph2018","emph2018As6p811"
"208",20,1,7329000,125.972665,29.577442,1000,"As6p","emph2018","As6pemph2018","emph2018As6p811"
"209",21,1,8038000,1221.6258797,39.9129703,1000,"As6p","emph2018","As6pemph2018","emph2018As6p811"
"210",3,2,8639000,13.53963059815,0,1000,"As6p","emph2018","As6pemph2018","emph2018As6p821"
"211",4,2,8638000,108.0289417104,0,1000,"As6p","emph2018","As6pemph2018","emph2018As6p821"
"212",5,2,9744000,533.7554563735,0,1000,"As6p","emph2018","As6pemph2018","emph2018As6p821"
"213",6,2,9610000,2366.475419294,0,1000,"As6p","emph2018","As6pemph2018","emph2018As6p821"
"214",7,2,7931000,12371.2353813,10.88446436,1000,"As6p","emph2018","As6pemph2018","emph2018As6p821"
"215",8,2,9440000,69076.64400398,189.97126,1000,"As6p","emph2018","As6pemph2018","emph2018As6p821"
"216",9,2,9018000,209341.6960955,483.935137,1000,"As6p","emph2018","As6pemph2018","emph2018As6p821"
"217",10,2,6371000,177698.794807,496.030193,1000,"As6p","emph2018","As6pemph2018","emph2018As6p821"
"218",11,2,5296000,174117.537187,471.422813,1000,"As6p","emph2018","As6pemph2018","emph2018As6p821"
"219",12,2,4589000,73753.595171,452.422829,1000,"As6p","emph2018","As6pemph2018","emph2018As6p821"
"220",13,2,4660000,16156.229686,1284.908214,1000,"As6p","emph2018","As6pemph2018","emph2018As6p821"
"221",14,2,5463000,3496.797713,1125.213177,1000,"As6p","emph2018","As6pemph2018","emph2018As6p821"
"222",15,2,6655000,0,919.345721,1000,"As6p","emph2018","As6pemph2018","emph2018As6p821"
"223",16,2,6798000,213.047019,696.493171,1000,"As6p","emph2018","As6pemph2018","emph2018As6p821"
"224",17,2,7027000,0,260.373803,1000,"As6p","emph2018","As6pemph2018","emph2018As6p821"
"225",18,2,6705000,0,101.7182206,1000,"As6p","emph2018","As6pemph2018","emph2018As6p821"
"226",19,2,7042000,24.49048514,7.22565276,1000,"As6p","emph2018","As6pemph2018","emph2018As6p821"
"227",20,2,7389000,0,2.31876685,1000,"As6p","emph2018","As6pemph2018","emph2018As6p821"
"228",21,2,8243000,0,0,1000,"As6p","emph2018","As6pemph2018","emph2018As6p821"
"229",3,3,9365000,13.22514505077,0,1000,"As6p","emph2018","As6pemph2018","emph2018As6p831"
"230",4,3,9573000,42.97308236915,0,1000,"As6p","emph2018","As6pemph2018","emph2018As6p831"
"231",5,3,9066000,350.6934678003,0,1000,"As6p","emph2018","As6pemph2018","emph2018As6p831"
"232",6,3,8878000,1537.798718443,0,1000,"As6p","emph2018","As6pemph2018","emph2018As6p831"
"233",7,3,8980000,10289.48801752,0,1000,"As6p","emph2018","As6pemph2018","emph2018As6p831"
"234",8,3,9018000,55755.57364936,164.909458,1000,"As6p","emph2018","As6pemph2018","emph2018As6p831"
"235",9,3,9587000,178344.9114406,588.139246,1000,"As6p","emph2018","As6pemph2018","emph2018As6p831"
"236",10,3,7428000,238778.841895,969.212105,1000,"As6p","emph2018","As6pemph2018","emph2018As6p831"
"237",11,3,5250000,274304.211983,490.680017,1000,"As6p","emph2018","As6pemph2018","emph2018As6p831"
"238",12,3,4355000,195379.0360673,64.5569327,1000,"As6p","emph2018","As6pemph2018","emph2018As6p831"
"239",13,3,3459000,52450.348374,986.001426,1000,"As6p","emph2018","As6pemph2018","emph2018As6p831"
"240",14,3,5644000,3112.741244,665.976876,1000,"As6p","emph2018","As6pemph2018","emph2018As6p831"
"241",15,3,6992000,2201.765162,268.712018,1000,"As6p","emph2018","As6pemph2018","emph2018As6p831"
"242",16,3,7392000,0,181.49729,1000,"As6p","emph2018","As6pemph2018","emph2018As6p831"
"243",17,3,6596000,0,96.0195115,1000,"As6p","emph2018","As6pemph2018","emph2018As6p831"
"244",18,3,8797000,0,21.4074203,1000,"As6p","emph2018","As6pemph2018","emph2018As6p831"
"245",19,3,8539000,0,5.64500728,1000,"As6p","emph2018","As6pemph2018","emph2018As6p831"
"246",20,3,7389000,0,0,1000,"As6p","emph2018","As6pemph2018","emph2018As6p831"
"247",21,3,7493000,0,0,1000,"As6p","emph2018","As6pemph2018","emph2018As6p831"
"248",3,4,9855000,44.32668125373,0,1000,"As6p","emph2018","As6pemph2018","emph2018As6p841"
"249",4,4,9796000,241.6982477997,0,1000,"As6p","emph2018","As6pemph2018","emph2018As6p841"
"250",5,4,9168000,1299.336774565,0,1000,"As6p","emph2018","As6pemph2018","emph2018As6p841"
"251",6,4,7618000,10797.3432587,12.91534487,1000,"As6p","emph2018","As6pemph2018","emph2018As6p841"
"252",7,4,9289000,35669.722305,10.87237502,1000,"As6p","emph2018","As6pemph2018","emph2018As6p841"
"253",8,4,8923000,125502.9960936,406.140377,1000,"As6p","emph2018","As6pemph2018","emph2018As6p841"
"254",9,4,7600000,360161.906509,751.936942,1000,"As6p","emph2018","As6pemph2018","emph2018As6p841"
"255",10,4,5785000,210066.02352,674.65948,1000,"As6p","emph2018","As6pemph2018","emph2018As6p841"
"256",11,4,5094000,18700.900092,642.695608,1000,"As6p","emph2018","As6pemph2018","emph2018As6p841"
"257",12,4,4831000,14526.710955,387.694845,1000,"As6p","emph2018","As6pemph2018","emph2018As6p841"
"258",13,4,5627000,5992.882538,293.199362,1000,"As6p","emph2018","As6pemph2018","emph2018As6p841"
"259",14,4,7338000,1453.848484,283.162066,1000,"As6p","emph2018","As6pemph2018","emph2018As6p841"
"260",15,4,7510000,78362.581525,335.493475,1000,"As6p","emph2018","As6pemph2018","emph2018As6p841"
"261",16,4,7323000,136.157814,274.15365,1000,"As6p","emph2018","As6pemph2018","emph2018As6p841"
"262",17,4,7985000,448.2585635,81.5866115,1000,"As6p","emph2018","As6pemph2018","emph2018As6p841"
"263",18,4,7783000,0,35.889335,1000,"As6p","emph2018","As6pemph2018","emph2018As6p841"
"264",19,4,7931000,14.3219803,11.2182216,1000,"As6p","emph2018","As6pemph2018","emph2018As6p841"
"265",20,4,8185000,9.61051414,5.78079086,1000,"As6p","emph2018","As6pemph2018","emph2018As6p841"
"266",21,4,8040000,10.6693634,0,1000,"As6p","emph2018","As6pemph2018","emph2018As6p841"
"267",3,5,8995000,5.315315596051,0,1000,"As6p","emph2018","As6pemph2018","emph2018As6p851"
"268",4,5,9677000,42.99752257381,0,1000,"As6p","emph2018","As6pemph2018","emph2018As6p851"
"269",5,5,8743000,212.4614506556,0,1000,"As6p","emph2018","As6pemph2018","emph2018As6p851"
"270",6,5,9211000,1428.157694359,0,1000,"As6p","emph2018","As6pemph2018","emph2018As6p851"
"271",7,5,7411000,5309.18935932,0,1000,"As6p","emph2018","As6pemph2018","emph2018As6p851"
"272",8,5,9239000,19957.62711337,6.3783415,1000,"As6p","emph2018","As6pemph2018","emph2018As6p851"
"273",9,5,7641000,92281.755883,129.733194,1000,"As6p","emph2018","As6pemph2018","emph2018As6p851"
"274",10,5,7800000,120063.256259,151.086741,1000,"As6p","emph2018","As6pemph2018","emph2018As6p851"
"275",11,5,5574000,12217.22411,944.15459,1000,"As6p","emph2018","As6pemph2018","emph2018As6p851"
"276",12,5,5401000,117773.333968,517.881032,1000,"As6p","emph2018","As6pemph2018","emph2018As6p851"
"277",13,5,5366000,48248.242727,304.286973,1000,"As6p","emph2018","As6pemph2018","emph2018As6p851"
"278",14,5,5e+06,4771.394947,519.051383,1000,"As6p","emph2018","As6pemph2018","emph2018As6p851"
"279",15,5,6610000,0,244.839144,1000,"As6p","emph2018","As6pemph2018","emph2018As6p851"
"280",16,5,6864000,83.349783,149.810644,1000,"As6p","emph2018","As6pemph2018","emph2018As6p851"
"281",17,5,7753000,7.0203059,48.9812614,1000,"As6p","emph2018","As6pemph2018","emph2018As6p851"
"282",18,5,7657000,3.5393793,16.0130882,1000,"As6p","emph2018","As6pemph2018","emph2018As6p851"
"283",19,5,7657000,0,0,1000,"As6p","emph2018","As6pemph2018","emph2018As6p851"
"284",20,5,7867000,0,0,1000,"As6p","emph2018","As6pemph2018","emph2018As6p851"
"285",21,5,8425000,0,0,1000,"As6p","emph2018","As6pemph2018","emph2018As6p851"
"286",3,1,10120000,0,0,10,"As6p","emph2018","As6pemph2018","emph2018As6p911"
"287",4,1,8941000,0,0,10,"As6p","emph2018","As6pemph2018","emph2018As6p911"
"288",5,1,8167000,18.0355761938,0,10,"As6p","emph2018","As6pemph2018","emph2018As6p911"
"289",6,1,8210000,76.85546066657,0,10,"As6p","emph2018","As6pemph2018","emph2018As6p911"
"290",7,1,8034000,520.7471169793,0,10,"As6p","emph2018","As6pemph2018","emph2018As6p911"
"291",8,1,7519000,3426.629992294,0,10,"As6p","emph2018","As6pemph2018","emph2018As6p911"
"292",9,1,7408000,11783.6467811,43.6475189,10,"As6p","emph2018","As6pemph2018","emph2018As6p911"
"293",10,1,7954000,44045.6306078864,229.474536,10,"As6p","emph2018","As6pemph2018","emph2018As6p911"
"294",11,1,7718000,164769.099788504,959.354863,10,"As6p","emph2018","As6pemph2018","emph2018As6p911"
"295",12,1,6568000,617608.29899,2737.52101,10,"As6p","emph2018","As6pemph2018","emph2018As6p911"
"296",13,1,4722000,1034434.76822,1844.58178,10,"As6p","emph2018","As6pemph2018","emph2018As6p911"
"297",14,1,3626000,242774.77715,2248.74585,10,"As6p","emph2018","As6pemph2018","emph2018As6p911"
"298",15,1,2986000,28122.018801,1279.285099,10,"As6p","emph2018","As6pemph2018","emph2018As6p911"
"299",16,1,4188000,6848.774231,705.441569,10,"As6p","emph2018","As6pemph2018","emph2018As6p911"
"300",17,1,5811000,1596.461429,238.298611,10,"As6p","emph2018","As6pemph2018","emph2018As6p911"
"301",18,1,5959000,617.780543,247.564247,10,"As6p","emph2018","As6pemph2018","emph2018As6p911"
"302",19,1,6317000,237.134089,238.734456,10,"As6p","emph2018","As6pemph2018","emph2018As6p911"
"303",20,1,7653000,453.7903957,124.5755043,10,"As6p","emph2018","As6pemph2018","emph2018As6p911"
"304",21,1,7758000,632.073135,67.613135,10,"As6p","emph2018","As6pemph2018","emph2018As6p911"
"305",3,2,9583000,0,0,10,"As6p","emph2018","As6pemph2018","emph2018As6p921"
"306",4,2,9331000,5.128307566487,0,10,"As6p","emph2018","As6pemph2018","emph2018As6p921"
"307",5,2,8833000,2.172418575737,0,10,"As6p","emph2018","As6pemph2018","emph2018As6p921"
"308",6,2,9352000,20.54862809879,0,10,"As6p","emph2018","As6pemph2018","emph2018As6p921"
"309",7,2,9273000,130.026744461,0,10,"As6p","emph2018","As6pemph2018","emph2018As6p921"
"310",8,2,9194000,810.350977217,2.56098235,10,"As6p","emph2018","As6pemph2018","emph2018As6p921"
"311",9,2,9154000,13603.2185,0,10,"As6p","emph2018","As6pemph2018","emph2018As6p921"
"312",10,2,8343000,19150.0273855,25.8656145,10,"As6p","emph2018","As6pemph2018","emph2018As6p921"
"313",11,2,9096000,50503.3853158,117.3634842,10,"As6p","emph2018","As6pemph2018","emph2018As6p921"
"314",12,2,8168000,225290.885067,866.226933,10,"As6p","emph2018","As6pemph2018","emph2018As6p921"
"315",13,2,6649000,558102.32402,1264.12198,10,"As6p","emph2018","As6pemph2018","emph2018As6p921"
"316",14,2,5298000,612063.148485,933.901515,10,"As6p","emph2018","As6pemph2018","emph2018As6p921"
"317",15,2,3924000,277150.79023,1500.63577,10,"As6p","emph2018","As6pemph2018","emph2018As6p921"
"318",16,2,3108000,91691.355303,1066.452697,10,"As6p","emph2018","As6pemph2018","emph2018As6p921"
"319",17,2,5633000,18719.352796,220.317504,10,"As6p","emph2018","As6pemph2018","emph2018As6p921"
"320",18,2,5913000,7588.594687,380.395513,10,"As6p","emph2018","As6pemph2018","emph2018As6p921"
"321",19,2,4777000,1154.93913,1036.01071,10,"As6p","emph2018","As6pemph2018","emph2018As6p921"
"322",20,2,6513000,731.530189,578.686411,10,"As6p","emph2018","As6pemph2018","emph2018As6p921"
"323",21,2,7464000,119.2359,174.648093,10,"As6p","emph2018","As6pemph2018","emph2018As6p921"
"324",3,3,9727000,0,0,10,"As6p","emph2018","As6pemph2018","emph2018As6p931"
"325",4,3,9434000,0,0,10,"As6p","emph2018","As6pemph2018","emph2018As6p931"
"326",5,3,9150000,0,0,10,"As6p","emph2018","As6pemph2018","emph2018As6p931"
"327",6,3,9204000,27.91734980378,0,10,"As6p","emph2018","As6pemph2018","emph2018As6p931"
"328",7,3,8036000,131.2333784063,0,10,"As6p","emph2018","As6pemph2018","emph2018As6p931"
"329",8,3,8803000,849.110977926,0,10,"As6p","emph2018","As6pemph2018","emph2018As6p931"
"330",9,3,9080000,4644.04007,0,10,"As6p","emph2018","As6pemph2018","emph2018As6p931"
"331",10,3,8444000,19793.2540942,30.8381058,10,"As6p","emph2018","As6pemph2018","emph2018As6p931"
"332",11,3,8779000,105501.0483872,99.6916128,10,"As6p","emph2018","As6pemph2018","emph2018As6p931"
"333",12,3,8110000,243345.342941,457.953059,10,"As6p","emph2018","As6pemph2018","emph2018As6p931"
"334",13,3,6593000,550886.760227,677.541773,10,"As6p","emph2018","As6pemph2018","emph2018As6p931"
"335",14,3,5933000,294666.728563,436.349437,10,"As6p","emph2018","As6pemph2018","emph2018As6p931"
"336",15,3,4313000,71787.904947,397.915053,10,"As6p","emph2018","As6pemph2018","emph2018As6p931"
"337",16,3,4905000,16490.025012,226.742288,10,"As6p","emph2018","As6pemph2018","emph2018As6p931"
"338",17,3,5809000,6236.4904793,70.3758207,10,"As6p","emph2018","As6pemph2018","emph2018As6p931"
"339",18,3,7221000,1388.257031,187.257589,10,"As6p","emph2018","As6pemph2018","emph2018As6p931"
"340",19,3,7259000,21.765049,363.143196,10,"As6p","emph2018","As6pemph2018","emph2018As6p931"
"341",20,3,7079000,219.583131,209.212745,10,"As6p","emph2018","As6pemph2018","emph2018As6p931"
"342",21,3,7241000,104.8457809,92.4318641,10,"As6p","emph2018","As6pemph2018","emph2018As6p931"
"343",3,4,9354000,0,0,10,"As6p","emph2018","As6pemph2018","emph2018As6p941"
"344",4,4,9612000,0,0,10,"As6p","emph2018","As6pemph2018","emph2018As6p941"
"345",5,4,9478000,37.67392806075,0,10,"As6p","emph2018","As6pemph2018","emph2018As6p941"
"346",6,4,8261000,77.85216782085,0,10,"As6p","emph2018","As6pemph2018","emph2018As6p941"
"347",7,4,9171000,428.7483598353,0,10,"As6p","emph2018","As6pemph2018","emph2018As6p941"
"348",8,4,7142000,3857.959140628,0,10,"As6p","emph2018","As6pemph2018","emph2018As6p941"
"349",9,4,8917000,10303.146392,43.944608,10,"As6p","emph2018","As6pemph2018","emph2018As6p941"
"350",10,4,7376000,56708.380986,208.156714,10,"As6p","emph2018","As6pemph2018","emph2018As6p941"
"351",11,4,8788000,257325.257796,335.066204,10,"As6p","emph2018","As6pemph2018","emph2018As6p941"
"352",12,4,7262000,554043.56601,1499.46399,10,"As6p","emph2018","As6pemph2018","emph2018As6p941"
"353",13,4,5837000,707654.06203,3303.74797,10,"As6p","emph2018","As6pemph2018","emph2018As6p941"
"354",14,4,4483000,192454.12756,3041.42644,10,"As6p","emph2018","As6pemph2018","emph2018As6p941"
"355",15,4,4588000,15942.3597,1893.2821,10,"As6p","emph2018","As6pemph2018","emph2018As6p941"
"356",16,4,5253000,4128.675825,710.891775,10,"As6p","emph2018","As6pemph2018","emph2018As6p941"
"357",17,4,6494000,981.640347,243.440153,10,"As6p","emph2018","As6pemph2018","emph2018As6p941"
"358",18,4,5185000,349.2448179,94.1566671,10,"As6p","emph2018","As6pemph2018","emph2018As6p941"
"359",19,4,4999000,125.3174511,93.0780579,10,"As6p","emph2018","As6pemph2018","emph2018As6p941"
"360",20,4,7470000,247.9410963,17.7686147,10,"As6p","emph2018","As6pemph2018","emph2018As6p941"
"361",21,4,8055000,160.43746243,7.82424657,10,"As6p","emph2018","As6pemph2018","emph2018As6p941"
"362",3,5,9495000,0,0,10,"As6p","emph2018","As6pemph2018","emph2018As6p951"
"363",4,5,9192000,0,0,10,"As6p","emph2018","As6pemph2018","emph2018As6p951"
"364",5,5,9206000,25.77203395831,0,10,"As6p","emph2018","As6pemph2018","emph2018As6p951"
"365",6,5,8187000,83.0230515187,0,10,"As6p","emph2018","As6pemph2018","emph2018As6p951"
"366",7,5,8222000,413.0211234776,2.27784029,10,"As6p","emph2018","As6pemph2018","emph2018As6p951"
"367",8,5,6587000,3800.411360715,0,10,"As6p","emph2018","As6pemph2018","emph2018As6p951"
"368",9,5,8601000,8374.4969688,26.3976312,10,"As6p","emph2018","As6pemph2018","emph2018As6p951"
"369",10,5,7268000,59063.380474,147.035526,10,"As6p","emph2018","As6pemph2018","emph2018As6p951"
"370",11,5,7270000,290816.74301,512.02499,10,"As6p","emph2018","As6pemph2018","emph2018As6p951"
"371",12,5,6093000,327332.95259,903.54241,10,"As6p","emph2018","As6pemph2018","emph2018As6p951"
"372",13,5,4904000,255684.559993,1074.155007,10,"As6p","emph2018","As6pemph2018","emph2018As6p951"
"373",14,5,4031000,62570.264593,350.509407,10,"As6p","emph2018","As6pemph2018","emph2018As6p951"
"374",15,5,3458000,5318.128097,227.406773,10,"As6p","emph2018","As6pemph2018","emph2018As6p951"
"375",16,5,5010000,799.9440206,84.7234094,10,"As6p","emph2018","As6pemph2018","emph2018As6p951"
"376",17,5,6968000,175.9826065,18.7877775,10,"As6p","emph2018","As6pemph2018","emph2018As6p951"
"377",18,5,7972000,0,24.4629081,10,"As6p","emph2018","As6pemph2018","emph2018As6p951"
"378",19,5,5085000,0,22.9827499,10,"As6p","emph2018","As6pemph2018","emph2018As6p951"
"379",20,5,8247000,1.45487929,6.43262921,10,"As6p","emph2018","As6pemph2018","emph2018As6p951"
"380",21,5,8474000,7.4888363,0,10,"As6p","emph2018","As6pemph2018","emph2018As6p951"
"381",3,1,9628000,0,0,10,"As6p","emph2018","As6pemph2018","emph2018As6p1011"
"382",4,1,9458000,5.00223010013,0,10,"As6p","emph2018","As6pemph2018","emph2018As6p1011"
"383",5,1,8464000,0,0,10,"As6p","emph2018","As6pemph2018","emph2018As6p1011"
"384",6,1,8768000,4.85914969669,0,10,"As6p","emph2018","As6pemph2018","emph2018As6p1011"
"385",7,1,7996000,68.34241944538,0,10,"As6p","emph2018","As6pemph2018","emph2018As6p1011"
"386",8,1,7980000,206.1369407411,0,10,"As6p","emph2018","As6pemph2018","emph2018As6p1011"
"387",9,1,8945000,871.382316742,0,10,"As6p","emph2018","As6pemph2018","emph2018As6p1011"
"388",10,1,9359000,2761.2422001,19.8818199,10,"As6p","emph2018","As6pemph2018","emph2018As6p1011"
"389",11,1,9168000,24063.8546104,76.6549896,10,"As6p","emph2018","As6pemph2018","emph2018As6p1011"
"390",12,1,8790000,209784.191824,411.186176,10,"As6p","emph2018","As6pemph2018","emph2018As6p1011"
"391",13,1,7870000,396110.832147,1422.793853,10,"As6p","emph2018","As6pemph2018","emph2018As6p1011"
"392",14,1,5045000,316406.816304,498.183696,10,"As6p","emph2018","As6pemph2018","emph2018As6p1011"
"393",15,1,5011000,116345.644394,962.308606,10,"As6p","emph2018","As6pemph2018","emph2018As6p1011"
"394",16,1,4825000,47175.962828,995.538572,10,"As6p","emph2018","As6pemph2018","emph2018As6p1011"
"395",17,1,5670000,6018.063558,266.076942,10,"As6p","emph2018","As6pemph2018","emph2018As6p1011"
"396",18,1,7092000,1494.1765748,106.8446152,10,"As6p","emph2018","As6pemph2018","emph2018As6p1011"
"397",19,1,7288000,377.1433268,94.2737022,10,"As6p","emph2018","As6pemph2018","emph2018As6p1011"
"398",20,1,7166000,154.2037381,113.2355319,10,"As6p","emph2018","As6pemph2018","emph2018As6p1011"
"399",21,1,8600000,76.0806215,42.0118855,10,"As6p","emph2018","As6pemph2018","emph2018As6p1011"
"400",3,2,8242000,0,0,10,"As6p","emph2018","As6pemph2018","emph2018As6p1021"
"401",4,2,9470000,0,0,10,"As6p","emph2018","As6pemph2018","emph2018As6p1021"
"402",5,2,8830000,0,0,10,"As6p","emph2018","As6pemph2018","emph2018As6p1021"
"403",6,2,7873000,0,0,10,"As6p","emph2018","As6pemph2018","emph2018As6p1021"
"404",7,2,7066000,6.681247881923,0,10,"As6p","emph2018","As6pemph2018","emph2018As6p1021"
"405",8,2,8531000,18.78707202318,0,10,"As6p","emph2018","As6pemph2018","emph2018As6p1021"
"406",9,2,7304000,119.1476162741,0,10,"As6p","emph2018","As6pemph2018","emph2018As6p1021"
"407",10,2,7486000,407.609492,0,10,"As6p","emph2018","As6pemph2018","emph2018As6p1021"
"408",11,2,7349000,2727.32307417,11.77534583,10,"As6p","emph2018","As6pemph2018","emph2018As6p1021"
"409",12,2,8382000,40426.2199128,40.2074872,10,"As6p","emph2018","As6pemph2018","emph2018As6p1021"
"410",13,2,7714000,128472.416197,276.092803,10,"As6p","emph2018","As6pemph2018","emph2018As6p1021"
"411",14,2,7006000,347300.760176,1009.239824,10,"As6p","emph2018","As6pemph2018","emph2018As6p1021"
"412",15,2,5396000,532944.765518,1088.123482,10,"As6p","emph2018","As6pemph2018","emph2018As6p1021"
"413",16,2,3804000,437992.39749,1377.82751,10,"As6p","emph2018","As6pemph2018","emph2018As6p1021"
"414",17,2,3336000,223949.97076,1629.86024,10,"As6p","emph2018","As6pemph2018","emph2018As6p1021"
"415",18,2,3914000,32923.77527,1617.44223,10,"As6p","emph2018","As6pemph2018","emph2018As6p1021"
"416",19,2,4783000,2125.952258,215.490342,10,"As6p","emph2018","As6pemph2018","emph2018As6p1021"
"417",20,2,6380000,0,344.527613,10,"As6p","emph2018","As6pemph2018","emph2018As6p1021"
"418",21,2,5332000,0,169.310778,10,"As6p","emph2018","As6pemph2018","emph2018As6p1021"
"419",3,3,9137000,0,0,10,"As6p","emph2018","As6pemph2018","emph2018As6p1031"
"420",4,3,8762000,6.074977043478,0,10,"As6p","emph2018","As6pemph2018","emph2018As6p1031"
"421",5,3,8873000,5.342175542828,0,10,"As6p","emph2018","As6pemph2018","emph2018As6p1031"
"422",6,3,7976000,39.19593775956,0,10,"As6p","emph2018","As6pemph2018","emph2018As6p1031"
"423",7,3,8587000,352.8744728188,0,10,"As6p","emph2018","As6pemph2018","emph2018As6p1031"
"424",8,3,8453000,1532.263254871,0,10,"As6p","emph2018","As6pemph2018","emph2018As6p1031"
"425",9,3,9085000,5837.464319375,14.6293875,10,"As6p","emph2018","As6pemph2018","emph2018As6p1031"
"426",10,3,8582000,10878.7583269,40.3033731,10,"As6p","emph2018","As6pemph2018","emph2018As6p1031"
"427",11,3,7956000,52801.256391,378.143409,10,"As6p","emph2018","As6pemph2018","emph2018As6p1031"
"428",12,3,8681000,423619.967785,1387.323215,10,"As6p","emph2018","As6pemph2018","emph2018As6p1031"
"429",13,3,5541000,612532.134632,670.475368,10,"As6p","emph2018","As6pemph2018","emph2018As6p1031"
"430",14,3,5005000,248483.295554,1043.704446,10,"As6p","emph2018","As6pemph2018","emph2018As6p1031"
"431",15,3,4041000,93497.667048,845.807952,10,"As6p","emph2018","As6pemph2018","emph2018As6p1031"
"432",16,3,4734000,36463.612439,577.328861,10,"As6p","emph2018","As6pemph2018","emph2018As6p1031"
"433",17,3,5222000,3979.429984,394.709806,10,"As6p","emph2018","As6pemph2018","emph2018As6p1031"
"434",18,3,6706000,1681.443268,449.174712,10,"As6p","emph2018","As6pemph2018","emph2018As6p1031"
"435",19,3,6314000,168.800145,307.360752,10,"As6p","emph2018","As6pemph2018","emph2018As6p1031"
"436",20,3,6836000,45.686439,161.681347,10,"As6p","emph2018","As6pemph2018","emph2018As6p1031"
"437",21,3,7571000,92.8337877,16.4202103,10,"As6p","emph2018","As6pemph2018","emph2018As6p1031"
"438",3,4,9574000,0,0,10,"As6p","emph2018","As6pemph2018","emph2018As6p1041"
"439",4,4,10140000,3.939040733505,0,10,"As6p","emph2018","As6pemph2018","emph2018As6p1041"
"440",5,4,9041000,0,0,10,"As6p","emph2018","As6pemph2018","emph2018As6p1041"
"441",6,4,9199000,20.2594729622,0,10,"As6p","emph2018","As6pemph2018","emph2018As6p1041"
"442",7,4,8931000,82.9259381227,0,10,"As6p","emph2018","As6pemph2018","emph2018As6p1041"
"443",8,4,9248000,354.1647067851,2.56274002,10,"As6p","emph2018","As6pemph2018","emph2018As6p1041"
"444",9,4,8515000,1575.980468637,0,10,"As6p","emph2018","As6pemph2018","emph2018As6p1041"
"445",10,4,8295000,4660.27359597,8.06823403,10,"As6p","emph2018","As6pemph2018","emph2018As6p1041"
"446",11,4,8422000,51375.4745781,114.6788219,10,"As6p","emph2018","As6pemph2018","emph2018As6p1041"
"447",12,4,8925000,182663.539128,250.600872,10,"As6p","emph2018","As6pemph2018","emph2018As6p1041"
"448",13,4,7598000,351871.726717,806.423283,10,"As6p","emph2018","As6pemph2018","emph2018As6p1041"
"449",14,4,5486000,358241.607542,346.392458,10,"As6p","emph2018","As6pemph2018","emph2018As6p1041"
"450",15,4,4744000,112202.496614,636.239386,10,"As6p","emph2018","As6pemph2018","emph2018As6p1041"
"451",16,4,3691000,20304.628743,352.152757,10,"As6p","emph2018","As6pemph2018","emph2018As6p1041"
"452",17,4,4080000,1554.624461,243.545899,10,"As6p","emph2018","As6pemph2018","emph2018As6p1041"
"453",18,4,5182000,58.289452,166.671415,10,"As6p","emph2018","As6pemph2018","emph2018As6p1041"
"454",19,4,6716000,3.17770231,12.98576599,10,"As6p","emph2018","As6pemph2018","emph2018As6p1041"
"455",20,4,7498000,4.96018321,11.00960189,10,"As6p","emph2018","As6pemph2018","emph2018As6p1041"
"456",21,4,7693000,0,8.78656375,10,"As6p","emph2018","As6pemph2018","emph2018As6p1041"
"457",3,5,8272000,0,0,10,"As6p","emph2018","As6pemph2018","emph2018As6p1051"
"458",4,5,9025000,0,0,10,"As6p","emph2018","As6pemph2018","emph2018As6p1051"
"459",5,5,7803000,0,0,10,"As6p","emph2018","As6pemph2018","emph2018As6p1051"
"460",6,5,7850000,40.00521605956,0,10,"As6p","emph2018","As6pemph2018","emph2018As6p1051"
"461",7,5,8338000,380.9653318901,0,10,"As6p","emph2018","As6pemph2018","emph2018As6p1051"
"462",8,5,9248000,13845.1331564,0,10,"As6p","emph2018","As6pemph2018","emph2018As6p1051"
"463",9,5,7983000,9012.23520467,17.6111389,10,"As6p","emph2018","As6pemph2018","emph2018As6p1051"
"464",10,5,8831000,30335.2072979,43.5915021,10,"As6p","emph2018","As6pemph2018","emph2018As6p1051"
"465",11,5,8901000,91925.632352,609.485648,10,"As6p","emph2018","As6pemph2018","emph2018As6p1051"
"466",12,5,7651000,1153692.17076,2417.23924,10,"As6p","emph2018","As6pemph2018","emph2018As6p1051"
"467",13,5,4674000,958925.04582,3038.65418,10,"As6p","emph2018","As6pemph2018","emph2018As6p1051"
"468",14,5,3081000,203993.20153,1566.79847,10,"As6p","emph2018","As6pemph2018","emph2018As6p1051"
"469",15,5,3332000,53579.77971,1704.95419,10,"As6p","emph2018","As6pemph2018","emph2018As6p1051"
"470",16,5,3377000,20244.601822,626.019178,10,"As6p","emph2018","As6pemph2018","emph2018As6p1051"
"471",17,5,6010000,7554.01595,203.98975,10,"As6p","emph2018","As6pemph2018","emph2018As6p1051"
"472",18,5,5356000,4153.483941,323.698509,10,"As6p","emph2018","As6pemph2018","emph2018As6p1051"
"473",19,5,6600000,3727.213032,416.985058,10,"As6p","emph2018","As6pemph2018","emph2018As6p1051"
"474",20,5,7444000,2210.758063,430.876367,10,"As6p","emph2018","As6pemph2018","emph2018As6p1051"
"475",21,5,7506000,1596.5702147,90.1923353,10,"As6p","emph2018","As6pemph2018","emph2018As6p1051"
"476",3,1,8938000,20523.2246,2.038220941,1e+06,"As8p","eseb2011","As8peseb2011","eseb2011As8p112"
"477",4,1,9954000,102492.216,170.8617422,1e+06,"As8p","eseb2011","As8peseb2011","eseb2011As8p112"
"478",5,1,8331000,378375.434,258.8724843,1e+06,"As8p","eseb2011","As8peseb2011","eseb2011As8p112"
"479",6,1,5720000,1131111.03,2153.232333,1e+06,"As8p","eseb2011","As8peseb2011","eseb2011As8p112"
"480",7,1,4201000,1059764.58,1183.16941,1e+06,"As8p","eseb2011","As8peseb2011","eseb2011As8p112"
"481",8,1,3959000,621944.62,359.824865,1e+06,"As8p","eseb2011","As8peseb2011","eseb2011As8p112"
"482",9,1,3331000,89089.133,92.7816464,1e+06,"As8p","eseb2011","As8peseb2011","eseb2011As8p112"
"483",10,1,4831000,11005.2827,87.0207916,1e+06,"As8p","eseb2011","As8peseb2011","eseb2011As8p112"
"484",11,1,8406000,1424.55935,68.6037125,1e+06,"As8p","eseb2011","As8peseb2011","eseb2011As8p112"
"485",12,1,6338000,411.113719,146.2735431,1e+06,"As8p","eseb2011","As8peseb2011","eseb2011As8p112"
"486",13,1,6691000,202.341844,108.8394149,1e+06,"As8p","eseb2011","As8peseb2011","eseb2011As8p112"
"487",14,1,7214000,316.826773,39.4117436,1e+06,"As8p","eseb2011","As8peseb2011","eseb2011As8p112"
"488",15,1,7182000,83.795963,12.51234578,1e+06,"As8p","eseb2011","As8peseb2011","eseb2011As8p112"
"489",16,1,8194000,163.290583,4.55611504,1e+06,"As8p","eseb2011","As8peseb2011","eseb2011As8p112"
"490",17,1,9312000,230.058755,4.54571556,1e+06,"As8p","eseb2011","As8peseb2011","eseb2011As8p112"
"491",3,2,8790000,22555.2423,2.566514525,1e+06,"As8p","eseb2011","As8peseb2011","eseb2011As8p122"
"492",4,2,9634000,129705.505,40.1079945,1e+06,"As8p","eseb2011","As8peseb2011","eseb2011As8p122"
"493",5,2,8275000,381560.472,512.882926,1e+06,"As8p","eseb2011","As8peseb2011","eseb2011As8p122"
"494",6,2,6887000,670142.73,2915.42565,1e+06,"As8p","eseb2011","As8peseb2011","eseb2011As8p122"
"495",7,2,5674000,605037.31,1997.991524,1e+06,"As8p","eseb2011","As8peseb2011","eseb2011As8p122"
"496",8,2,4705000,215153.371,537.495981,1e+06,"As8p","eseb2011","As8peseb2011","eseb2011As8p122"
"497",9,2,4299000,31355.3801,267.2403516,1e+06,"As8p","eseb2011","As8peseb2011","eseb2011As8p122"
"498",10,2,5741000,6391.0317,157.0801456,1e+06,"As8p","eseb2011","As8peseb2011","eseb2011As8p122"
"499",11,2,6998000,1444.59003,333.409043,1e+06,"As8p","eseb2011","As8peseb2011","eseb2011As8p122"
"500",12,2,5610000,622.28722,167.8036094,1e+06,"As8p","eseb2011","As8peseb2011","eseb2011As8p122"
"501",13,2,7383000,494.995332,371.221438,1e+06,"As8p","eseb2011","As8peseb2011","eseb2011As8p122"
"502",14,2,7906000,496.480503,122.2987419,1e+06,"As8p","eseb2011","As8peseb2011","eseb2011As8p122"
"503",15,2,8078000,212.855667,16.14482129,1e+06,"As8p","eseb2011","As8peseb2011","eseb2011As8p122"
"504",16,2,8337000,157.960869,2.493638169,1e+06,"As8p","eseb2011","As8peseb2011","eseb2011As8p122"
"505",17,2,8829000,103.066071,2.270443615,1e+06,"As8p","eseb2011","As8peseb2011","eseb2011As8p122"
"506",3,3,8958000,12488.9691,2.082992988,1e+06,"As8p","eseb2011","As8peseb2011","eseb2011As8p132"
"507",4,3,10310000,92439.19,64.1090801,1e+06,"As8p","eseb2011","As8peseb2011","eseb2011As8p132"
"508",5,3,9630000,313954.643,455.46294,1e+06,"As8p","eseb2011","As8peseb2011","eseb2011As8p132"
"509",6,3,8210000,951640.02,2643.727807,1e+06,"As8p","eseb2011","As8peseb2011","eseb2011As8p132"
"510",7,3,5621000,706052.92,2414.264995,1e+06,"As8p","eseb2011","As8peseb2011","eseb2011As8p132"
"511",8,3,3747000,333693.542,1107.993169,1e+06,"As8p","eseb2011","As8peseb2011","eseb2011As8p132"
"512",9,3,3567000,112906.685,290.616897,1e+06,"As8p","eseb2011","As8peseb2011","eseb2011As8p132"
"513",10,3,5322000,17372.6179,102.3114556,1e+06,"As8p","eseb2011","As8peseb2011","eseb2011As8p132"
"514",11,3,6760000,2541.66375,110.5013318,1e+06,"As8p","eseb2011","As8peseb2011","eseb2011As8p132"
"515",12,3,6961000,418.718868,318.581213,1e+06,"As8p","eseb2011","As8peseb2011","eseb2011As8p132"
"516",13,3,6741000,230.59264,432.449805,1e+06,"As8p","eseb2011","As8peseb2011","eseb2011As8p132"
"517",14,3,6850000,259.926052,38.8280585,1e+06,"As8p","eseb2011","As8peseb2011","eseb2011As8p132"
"518",15,3,5981000,60.342138,3.88446291,1e+06,"As8p","eseb2011","As8peseb2011","eseb2011As8p132"
"519",16,3,6912000,57.615613,0,1e+06,"As8p","eseb2011","As8peseb2011","eseb2011As8p132"
"520",17,3,7234000,147.929541,1.446204829,1e+06,"As8p","eseb2011","As8peseb2011","eseb2011As8p132"
"521",3,4,9465000,36551.5372,10.27802893,1e+06,"As8p","eseb2011","As8peseb2011","eseb2011As8p142"
"522",4,4,8107000,204614.424,124.4649193,1e+06,"As8p","eseb2011","As8peseb2011","eseb2011As8p142"
"523",5,4,5129000,365272.697,493.749597,1e+06,"As8p","eseb2011","As8peseb2011","eseb2011As8p142"
"524",6,4,4550000,1512601.84,3824.03736,1e+06,"As8p","eseb2011","As8peseb2011","eseb2011As8p142"
"525",7,4,2821000,1030643.58,3041.33364,1e+06,"As8p","eseb2011","As8peseb2011","eseb2011As8p142"
"526",8,4,2880000,423667.725,1681.044515,1e+06,"As8p","eseb2011","As8peseb2011","eseb2011As8p142"
"527",9,4,3122000,85086.994,1069.006547,1e+06,"As8p","eseb2011","As8peseb2011","eseb2011As8p142"
"528",10,4,4612000,8716.4863,710.778745,1e+06,"As8p","eseb2011","As8peseb2011","eseb2011As8p142"
"529",11,4,5994000,4173.56462,366.855942,1e+06,"As8p","eseb2011","As8peseb2011","eseb2011As8p142"
"530",12,4,4902000,1349.63273,203.4132574,1e+06,"As8p","eseb2011","As8peseb2011","eseb2011As8p142"
"531",13,4,5950000,895.85332,308.233159,1e+06,"As8p","eseb2011","As8peseb2011","eseb2011As8p142"
"532",14,4,6299000,1356.22778,130.4131933,1e+06,"As8p","eseb2011","As8peseb2011","eseb2011As8p142"
"533",15,4,7266000,388.61118,47.2093537,1e+06,"As8p","eseb2011","As8peseb2011","eseb2011As8p142"
"534",16,4,6689000,714.31529,19.29194964,1e+06,"As8p","eseb2011","As8peseb2011","eseb2011As8p142"
"535",17,4,8029000,388.638588,4.47354774,1e+06,"As8p","eseb2011","As8peseb2011","eseb2011As8p142"
"536",3,5,9437000,6515.4526,0,1e+06,"As8p","eseb2011","As8peseb2011","eseb2011As8p152"
"537",4,5,9460000,38585.7818,27.43477105,1e+06,"As8p","eseb2011","As8peseb2011","eseb2011As8p152"
"538",5,5,9590000,196483.384,54.8695421,1e+06,"As8p","eseb2011","As8peseb2011","eseb2011As8p152"
"539",6,5,8620000,503100.677,1180.840955,1e+06,"As8p","eseb2011","As8peseb2011","eseb2011As8p152"
"540",7,5,6414000,765945.11,2334.186142,1e+06,"As8p","eseb2011","As8peseb2011","eseb2011As8p152"
"541",8,5,4630000,604414.92,700.067852,1e+06,"As8p","eseb2011","As8peseb2011","eseb2011As8p152"
"542",9,5,4578000,97591.894,519.108329,1e+06,"As8p","eseb2011","As8peseb2011","eseb2011As8p152"
"543",10,5,5860000,25369.1303,219.4910249,1e+06,"As8p","eseb2011","As8peseb2011","eseb2011As8p152"
"544",11,5,6467000,2874.27696,139.6710161,1e+06,"As8p","eseb2011","As8peseb2011","eseb2011As8p152"
"545",12,5,6857000,2085.82874,260.5238303,1e+06,"As8p","eseb2011","As8peseb2011","eseb2011As8p152"
"546",13,5,6038000,1050.60003,569.222966,1e+06,"As8p","eseb2011","As8peseb2011","eseb2011As8p152"
"547",14,5,6502000,1087.21826,102.8017168,1e+06,"As8p","eseb2011","As8peseb2011","eseb2011As8p152"
"548",15,5,8043000,1061.00936,18.03398397,1e+06,"As8p","eseb2011","As8peseb2011","eseb2011As8p152"
"549",16,5,8612000,1256.52547,23.75055527,1e+06,"As8p","eseb2011","As8peseb2011","eseb2011As8p152"
"550",17,5,7694000,623.34928,9.07720326,1e+06,"As8p","eseb2011","As8peseb2011","eseb2011As8p152"
"551",3,1,9165000,154.22229304,0.465,1e+06,"As12","evol2011","As12_evol2011","evol2011As12113"
"552",4,1,9475000,231.67359332,3.39,1e+06,"As12","evol2011","As12_evol2011","evol2011As12113"
"553",5,1,9018000,28977.82020252,39.5,1e+06,"As12","evol2011","As12_evol2011","evol2011As12113"
"554",6,1,9190000,41910.56136968,174.1,1e+06,"As12","evol2011","As12_evol2011","evol2011As12113"
"555",7,1,8871000,115603.16,63.2,1e+06,"As12","evol2011","As12_evol2011","evol2011As12113"
"556",8,1,5800000,128013.16,317.4,1e+06,"As12","evol2011","As12_evol2011","evol2011As12113"
"557",9,1,6102000,113944.7,33.1,1e+06,"As12","evol2011","As12_evol2011","evol2011As12113"
"558",10,1,5850000,1374.1629906,72,1e+06,"As12","evol2011","As12_evol2011","evol2011As12113"
"559",11,1,6182000,1211.52347656,22.9,1e+06,"As12","evol2011","As12_evol2011","evol2011As12113"
"560",12,1,6779000,982.48396252,40.2,1e+06,"As12","evol2011","As12_evol2011","evol2011As12113"
"561",13,1,7519000,987.31853312,87.2,1e+06,"As12","evol2011","As12_evol2011","evol2011As12113"
"562",14,1,7929000,917.72980224,25,1e+06,"As12","evol2011","As12_evol2011","evol2011As12113"
"563",15,1,7600000,1114.15987,118.7,1e+06,"As12","evol2011","As12_evol2011","evol2011As12113"
"564",16,1,6523000,437.42162804,0.205,1e+06,"As12","evol2011","As12_evol2011","evol2011As12113"
"565",17,1,7315000,157.57532656,12,1e+06,"As12","evol2011","As12_evol2011","evol2011As12113"
"566",18,1,8350000,37.30620036,0,1e+06,"As12","evol2011","As12_evol2011","evol2011As12113"
"567",19,1,7830000,17.5863524,0,1e+06,"As12","evol2011","As12_evol2011","evol2011As12113"
"568",20,1,7847000,3.53415608,0,1e+06,"As12","evol2011","As12_evol2011","evol2011As12113"
"569",21,1,7818000,0,0,1e+06,"As12","evol2011","As12_evol2011","evol2011As12113"
"570",3,2,9866000,414.3944958,5.2,1e+06,"As12","evol2011","As12_evol2011","evol2011As12123"
"571",4,2,8740000,871.4886438,11.7,1e+06,"As12","evol2011","As12_evol2011","evol2011As12123"
"572",5,2,8906000,53973.951452,35.4,1e+06,"As12","evol2011","As12_evol2011","evol2011As12123"
"573",6,2,8215000,154360.99,142.25,1e+06,"As12","evol2011","As12_evol2011","evol2011As12123"
"574",7,2,7257000,150032.74,249.1,1e+06,"As12","evol2011","As12_evol2011","evol2011As12123"
"575",8,2,6016000,215849.18,286.5,1e+06,"As12","evol2011","As12_evol2011","evol2011As12123"
"576",9,2,5159000,74079.336702,314.1,1e+06,"As12","evol2011","As12_evol2011","evol2011As12123"
"577",10,2,5507000,40311.47253248,104.9,1e+06,"As12","evol2011","As12_evol2011","evol2011As12123"
"578",11,2,6199000,21831.91130556,75.7,1e+06,"As12","evol2011","As12_evol2011","evol2011As12123"
"579",12,2,7078000,3268.05007864,130.8,1e+06,"As12","evol2011","As12_evol2011","evol2011As12123"
"580",13,2,6994000,1122.4898408,433.4,1e+06,"As12","evol2011","As12_evol2011","evol2011As12123"
"581",14,2,6586000,2758.55704992,4.15,1e+06,"As12","evol2011","As12_evol2011","evol2011As12123"
"582",15,2,8300000,571.21231304,2.66,1e+06,"As12","evol2011","As12_evol2011","evol2011As12123"
"583",16,2,6528000,19.8591036,0.716,1e+06,"As12","evol2011","As12_evol2011","evol2011As12123"
"584",17,2,7003000,3.45465072,2.56,1e+06,"As12","evol2011","As12_evol2011","evol2011As12123"
"585",18,2,8048000,38.11417632,0,1e+06,"As12","evol2011","As12_evol2011","evol2011As12123"
"586",19,2,7523000,13.10897648,0.0753,1e+06,"As12","evol2011","As12_evol2011","evol2011As12123"
"587",20,2,7591000,21.10024576,0,1e+06,"As12","evol2011","As12_evol2011","evol2011As12123"
"588",21,2,7349000,12.49449972,0,1e+06,"As12","evol2011","As12_evol2011","evol2011As12123"
"589",3,3,9337000,328.326542,3.18,1e+06,"As12","evol2011","As12_evol2011","evol2011As12133"
"590",4,3,9811000,835.74092748,4.69,1e+06,"As12","evol2011","As12_evol2011","evol2011As12133"
"591",5,3,9061000,98709.26,71.5,1e+06,"As12","evol2011","As12_evol2011","evol2011As12133"
"592",6,3,8089000,358712.8,106.2,1e+06,"As12","evol2011","As12_evol2011","evol2011As12133"
"593",7,3,7346000,138988.1,318.1,1e+06,"As12","evol2011","As12_evol2011","evol2011As12133"
"594",8,3,5368000,98483.66,297.1,1e+06,"As12","evol2011","As12_evol2011","evol2011As12133"
"595",9,3,5452000,52836.94677008,86.1,1e+06,"As12","evol2011","As12_evol2011","evol2011As12133"
"596",10,3,6255000,7017.43354016,47.9,1e+06,"As12","evol2011","As12_evol2011","evol2011As12133"
"597",11,3,6468000,1214.6519204,6.54,1e+06,"As12","evol2011","As12_evol2011","evol2011As12133"
"598",12,3,5883000,227.10744852,58.9,1e+06,"As12","evol2011","As12_evol2011","evol2011As12133"
"599",13,3,6292000,39.9670132,40.4,1e+06,"As12","evol2011","As12_evol2011","evol2011As12133"
"600",14,3,7131000,167.69973544,1.83,1e+06,"As12","evol2011","As12_evol2011","evol2011As12133"
"601",15,3,7997000,26.45890208,4.05,1e+06,"As12","evol2011","As12_evol2011","evol2011As12133"
"602",16,3,8226000,46.99794488,0.405,1e+06,"As12","evol2011","As12_evol2011","evol2011As12133"
"603",17,3,6424000,43.01229912,0.176,1e+06,"As12","evol2011","As12_evol2011","evol2011As12133"
"604",18,3,7199000,28.6690954,0.505,1e+06,"As12","evol2011","As12_evol2011","evol2011As12133"
"605",19,3,7253000,26.25626372,0,1e+06,"As12","evol2011","As12_evol2011","evol2011As12133"
"606",20,3,7512000,13.8124208,0,1e+06,"As12","evol2011","As12_evol2011","evol2011As12133"
"607",21,3,7503000,20.38598488,0,1e+06,"As12","evol2011","As12_evol2011","evol2011As12133"
"608",3,4,6910000,0,23.1,1e+06,"As12","evol2011","As12_evol2011","evol2011As12143"
"609",4,4,7878000,703.66864728,37.8,1e+06,"As12","evol2011","As12_evol2011","evol2011As12143"
"610",5,4,8141000,42625.21603668,199.9,1e+06,"As12","evol2011","As12_evol2011","evol2011As12143"
"611",6,4,7629000,252789.58,1338.7,1e+06,"As12","evol2011","As12_evol2011","evol2011As12143"
"612",7,4,4324000,729392.58,5975.3,1e+06,"As12","evol2011","As12_evol2011","evol2011As12143"
"613",8,4,2324000,578893.76,1126.6,1e+06,"As12","evol2011","As12_evol2011","evol2011As12143"
"614",9,4,1803000,237653.16,433.8,1e+06,"As12","evol2011","As12_evol2011","evol2011As12143"
"615",10,4,2102000,10883.11444248,281.7,1e+06,"As12","evol2011","As12_evol2011","evol2011As12143"
"616",11,4,3484000,12133.53607884,312.8,1e+06,"As12","evol2011","As12_evol2011","evol2011As12143"
"617",12,4,4791000,5991.25116452,14.5,1e+06,"As12","evol2011","As12_evol2011","evol2011As12143"
"618",13,4,5918000,2909.64564988,141.6,1e+06,"As12","evol2011","As12_evol2011","evol2011As12143"
"619",14,4,6580000,6097.94220468,60.6,1e+06,"As12","evol2011","As12_evol2011","evol2011As12143"
"620",15,4,5946000,6603.48106952,75.9,1e+06,"As12","evol2011","As12_evol2011","evol2011As12143"
"621",16,4,5285000,5458.94743384,112.1,1e+06,"As12","evol2011","As12_evol2011","evol2011As12143"
"622",17,4,6024000,451.86769896,6.73,1e+06,"As12","evol2011","As12_evol2011","evol2011As12143"
"623",18,4,6655000,1348.69828172,36.3,1e+06,"As12","evol2011","As12_evol2011","evol2011As12143"
"624",19,4,6955000,296.84612136,31.8,1e+06,"As12","evol2011","As12_evol2011","evol2011As12143"
"625",20,4,6875000,118.51496444,1.35,1e+06,"As12","evol2011","As12_evol2011","evol2011As12143"
"626",21,4,7123000,22.05597072,0,1e+06,"As12","evol2011","As12_evol2011","evol2011As12143"
"627",3,5,9514000,0,0,1e+06,"As12","evol2011","As12_evol2011","evol2011As12153"
"628",4,5,9367000,5305.57944736,8.92,1e+06,"As12","evol2011","As12_evol2011","evol2011As12153"
"629",5,5,9573000,42382.66153168,237.4,1e+06,"As12","evol2011","As12_evol2011","evol2011As12153"
"630",6,5,9208000,52055.79036132,1128.8,1e+06,"As12","evol2011","As12_evol2011","evol2011As12153"
"631",7,5,7701000,207479.48,213.4,1e+06,"As12","evol2011","As12_evol2011","evol2011As12153"
"632",8,5,6406000,115590.16,76.2,1e+06,"As12","evol2011","As12_evol2011","evol2011As12153"
"633",9,5,5823000,37175.73254716,66.3,1e+06,"As12","evol2011","As12_evol2011","evol2011As12153"
"634",10,5,4904000,13378.92710952,6.57,1e+06,"As12","evol2011","As12_evol2011","evol2011As12153"
"635",11,5,5798000,3447.87176396,24.7,1e+06,"As12","evol2011","As12_evol2011","evol2011As12153"
"636",12,5,6853000,866.24213884,25.7,1e+06,"As12","evol2011","As12_evol2011","evol2011As12153"
"637",13,5,7756000,835.1170608,181.7,1e+06,"As12","evol2011","As12_evol2011","evol2011As12153"
"638",14,5,7299000,599.41344396,92.1,1e+06,"As12","evol2011","As12_evol2011","evol2011As12153"
"639",15,5,7371000,237.27262944,42.9,1e+06,"As12","evol2011","As12_evol2011","evol2011As12153"
"640",16,5,7332000,547.87946468,0,1e+06,"As12","evol2011","As12_evol2011","evol2011As12153"
"641",17,5,7558000,66.761223,0.549,1e+06,"As12","evol2011","As12_evol2011","evol2011As12153"
"642",18,5,7846000,73.80937112,0.955,1e+06,"As12","evol2011","As12_evol2011","evol2011As12153"
"643",19,5,7827000,32.3485882,0,1e+06,"As12","evol2011","As12_evol2011","evol2011As12153"
"644",20,5,7707000,4.939038,0,1e+06,"As12","evol2011","As12_evol2011","evol2011As12153"
"645",21,5,8215000,10.74599584,0,1e+06,"As12","evol2011","As12_evol2011","evol2011As12153"
"646",3,6,9471000,0,0.648,1e+06,"As12","evol2011","As12_evol2011","evol2011As12163"
"647",4,6,8891000,394.55177776,12.3,1e+06,"As12","evol2011","As12_evol2011","evol2011As12163"
"648",5,6,9827000,19733.52096276,27.5,1e+06,"As12","evol2011","As12_evol2011","evol2011As12163"
"649",6,6,9275000,47593.44899368,76.8,1e+06,"As12","evol2011","As12_evol2011","evol2011As12163"
"650",7,6,7641000,144324.88,47,1e+06,"As12","evol2011","As12_evol2011","evol2011As12163"
"651",8,6,6926000,77440.517831,147.4,1e+06,"As12","evol2011","As12_evol2011","evol2011As12163"
"652",9,6,5200000,114726.08,96,1e+06,"As12","evol2011","As12_evol2011","evol2011As12163"
"653",10,6,6020000,58697.4274155,53.2,1e+06,"As12","evol2011","As12_evol2011","evol2011As12163"
"654",11,6,6065000,2656.274831,22.9,1e+06,"As12","evol2011","As12_evol2011","evol2011As12163"
"655",12,6,6791000,581.82909704,2.85,1e+06,"As12","evol2011","As12_evol2011","evol2011As12163"
"656",13,6,8264000,75.13353216,110.5,1e+06,"As12","evol2011","As12_evol2011","evol2011As12163"
"657",14,6,8043000,93.71534808,29.2,1e+06,"As12","evol2011","As12_evol2011","evol2011As12163"
"658",15,6,7943000,17.83667868,2.41,1e+06,"As12","evol2011","As12_evol2011","evol2011As12163"
"659",16,6,6263000,8.62399952,0.734,1e+06,"As12","evol2011","As12_evol2011","evol2011As12163"
"660",17,6,7227000,0,0,1e+06,"As12","evol2011","As12_evol2011","evol2011As12163"
"661",18,6,8190000,0,0,1e+06,"As12","evol2011","As12_evol2011","evol2011As12163"
"662",19,6,8124000,2.14278264,0,1e+06,"As12","evol2011","As12_evol2011","evol2011As12163"
"663",20,6,8302000,0,0,1e+06,"As12","evol2011","As12_evol2011","evol2011As12163"
"664",21,6,8082000,3.33743884,0,1e+06,"As12","evol2011","As12_evol2011","evol2011As12163"
"665",3,1,10140000,1882.03,41.8,1e+06,"AJ51","evol2011","AJ51_evol2011","evol2011AJ51213"
"666",4,1,9488000,1999.26,125.9,1e+06,"AJ51","evol2011","AJ51_evol2011","evol2011AJ51213"
"667",5,1,9136000,99724.61,903.3,1e+06,"AJ51","evol2011","AJ51_evol2011","evol2011AJ51213"
"668",6,1,7097000,140727.55,426.7,1e+06,"AJ51","evol2011","AJ51_evol2011","evol2011AJ51213"
"669",7,1,3288000,209041.81,281.5,1e+06,"AJ51","evol2011","AJ51_evol2011","evol2011AJ51213"
"670",8,1,2738000,240817.83,253.7,1e+06,"AJ51","evol2011","AJ51_evol2011","evol2011AJ51213"
"671",9,1,1877000,103997.11,84.8,1e+06,"AJ51","evol2011","AJ51_evol2011","evol2011AJ51213"
"672",10,1,1989000,57284.16,186.5,1e+06,"AJ51","evol2011","AJ51_evol2011","evol2011AJ51213"
"673",11,1,3814000,186.03,34.6,1e+06,"AJ51","evol2011","AJ51_evol2011","evol2011AJ51213"
"674",12,1,5737000,8897.55,387.7,1e+06,"AJ51","evol2011","AJ51_evol2011","evol2011AJ51213"
"675",13,1,6451000,241.1,1148.2,1e+06,"AJ51","evol2011","AJ51_evol2011","evol2011AJ51213"
"676",14,1,6197000,9396.11,645.9,1e+06,"AJ51","evol2011","AJ51_evol2011","evol2011AJ51213"
"677",15,1,5909000,1391.91,131.6,1e+06,"AJ51","evol2011","AJ51_evol2011","evol2011AJ51213"
"678",16,1,5004000,0,8.41,1e+06,"AJ51","evol2011","AJ51_evol2011","evol2011AJ51213"
"679",17,1,6899000,0,4.76,1e+06,"AJ51","evol2011","AJ51_evol2011","evol2011AJ51213"
"680",18,1,6439000,0,0,1e+06,"AJ51","evol2011","AJ51_evol2011","evol2011AJ51213"
"681",19,1,6422000,7.84,0,1e+06,"AJ51","evol2011","AJ51_evol2011","evol2011AJ51213"
"682",20,1,4876000,21.46,0,1e+06,"AJ51","evol2011","AJ51_evol2011","evol2011AJ51213"
"683",21,1,4706000,19.24,9.2,1e+06,"AJ51","evol2011","AJ51_evol2011","evol2011AJ51213"
"684",3,4,8770000,3162.42,21.9,1e+06,"AJ51","evol2011","AJ51_evol2011","evol2011AJ51243"
"685",4,4,9379000,803.33,154.8,1e+06,"AJ51","evol2011","AJ51_evol2011","evol2011AJ51243"
"686",5,4,8686000,54031.94,961.8,1e+06,"AJ51","evol2011","AJ51_evol2011","evol2011AJ51243"
"687",6,4,6568000,324266.29,2152.3,1e+06,"AJ51","evol2011","AJ51_evol2011","evol2011AJ51243"
"688",7,4,3090000,213255.15,665.6,1e+06,"AJ51","evol2011","AJ51_evol2011","evol2011AJ51243"
"689",8,4,2437000,186590.38,617.6,1e+06,"AJ51","evol2011","AJ51_evol2011","evol2011AJ51243"
"690",9,4,1641000,100385.635,23.1,1e+06,"AJ51","evol2011","AJ51_evol2011","evol2011AJ51243"
"691",10,4,2135000,13520.49,89,1e+06,"AJ51","evol2011","AJ51_evol2011","evol2011AJ51243"
"692",11,4,3748000,42.48,12.8,1e+06,"AJ51","evol2011","AJ51_evol2011","evol2011AJ51243"
"693",12,4,5572000,3742.15,85.5,1e+06,"AJ51","evol2011","AJ51_evol2011","evol2011AJ51243"
"694",13,4,5901000,195.21,177.8,1e+06,"AJ51","evol2011","AJ51_evol2011","evol2011AJ51243"
"695",14,4,6217000,318.2,107.9,1e+06,"AJ51","evol2011","AJ51_evol2011","evol2011AJ51243"
"696",15,4,7098000,190.795,0.455,1e+06,"AJ51","evol2011","AJ51_evol2011","evol2011AJ51243"
"697",16,4,5344000,20.43,13.4,1e+06,"AJ51","evol2011","AJ51_evol2011","evol2011AJ51243"
"698",17,4,6056000,0,0,1e+06,"AJ51","evol2011","AJ51_evol2011","evol2011AJ51243"
"699",18,4,7423000,0,0.106,1e+06,"AJ51","evol2011","AJ51_evol2011","evol2011AJ51243"
"700",19,4,7750000,5.98,0,1e+06,"AJ51","evol2011","AJ51_evol2011","evol2011AJ51243"
"701",20,4,7944000,0,0,1e+06,"AJ51","evol2011","AJ51_evol2011","evol2011AJ51243"
"702",21,4,8235000,39.27,0,1e+06,"AJ51","evol2011","AJ51_evol2011","evol2011AJ51243"
"703",3,5,9007000,111.58,4.5,1e+06,"AJ51","evol2011","AJ51_evol2011","evol2011AJ51253"
"704",4,5,9023000,2035.58,42.4,1e+06,"AJ51","evol2011","AJ51_evol2011","evol2011AJ51253"
"705",5,5,8202000,77730.7,1513.75,1e+06,"AJ51","evol2011","AJ51_evol2011","evol2011AJ51253"
"706",6,5,6172000,112545.62,2985.1,1e+06,"AJ51","evol2011","AJ51_evol2011","evol2011AJ51253"
"707",7,5,2790000,210214.48,623.9,1e+06,"AJ51","evol2011","AJ51_evol2011","evol2011AJ51253"
"708",8,5,2639000,178197.41,131.5,1e+06,"AJ51","evol2011","AJ51_evol2011","evol2011AJ51253"
"709",9,5,2107000,92448.89,22.7,1e+06,"AJ51","evol2011","AJ51_evol2011","evol2011AJ51253"
"710",10,5,3372000,6483.27,131,1e+06,"AJ51","evol2011","AJ51_evol2011","evol2011AJ51253"
"711",11,5,5317000,957.67,15.1,1e+06,"AJ51","evol2011","AJ51_evol2011","evol2011AJ51253"
"712",12,5,6628000,3766.31,2096,1e+06,"AJ51","evol2011","AJ51_evol2011","evol2011AJ51253"
"713",13,5,6144000,2350.43,1739,1e+06,"AJ51","evol2011","AJ51_evol2011","evol2011AJ51253"
"714",14,5,6078000,2032.9,499.4,1e+06,"AJ51","evol2011","AJ51_evol2011","evol2011AJ51253"
"715",15,5,5984000,2768.66,28,1e+06,"AJ51","evol2011","AJ51_evol2011","evol2011AJ51253"
"716",16,5,5685000,0,9.36,1e+06,"AJ51","evol2011","AJ51_evol2011","evol2011AJ51253"
"717",17,5,6115000,0,3.17,1e+06,"AJ51","evol2011","AJ51_evol2011","evol2011AJ51253"
"718",18,5,6682000,0,0.262,1e+06,"AJ51","evol2011","AJ51_evol2011","evol2011AJ51253"
"719",19,5,7730000,13.37,0,1e+06,"AJ51","evol2011","AJ51_evol2011","evol2011AJ51253"
"720",20,5,8231000,20.32,0,1e+06,"AJ51","evol2011","AJ51_evol2011","evol2011AJ51253"
"721",21,5,8039000,0,0,1e+06,"AJ51","evol2011","AJ51_evol2011","evol2011AJ51253"
"722",5,1,8890000,300462.8,102.8,1e+06,"AJ","amna_2011","AJ_amna_2011","amna_2011AJ114"
"723",5,2,10900000,115259,35.9,1e+06,"AJ","amna_2011","AJ_amna_2011","amna_2011AJ124"
"724",5,3,9580000,183494.3,152.1,1e+06,"AJ","amna_2011","AJ_amna_2011","amna_2011AJ134"
"725",5,4,12820000,122252.8,43.7,1e+06,"AJ","amna_2011","AJ_amna_2011","amna_2011AJ144"
"726",5,5,9500000,186879.9,167.8,1e+06,"AJ","amna_2011","AJ_amna_2011","amna_2011AJ154"
"727",5,6,8050000,340591.8,1199.4,1e+06,"AS","amna_2011","AS_amna_2011","amna_2011AS164"
"728",5,7,9860000,607661.9,550.9,1e+06,"AS","amna_2011","AS_amna_2011","amna_2011AS174"
"729",5,8,11040000,729428.5,502.9,1e+06,"AS","amna_2011","AS_amna_2011","amna_2011AS184"
"730",5,9,10620000,555988.9,452.3,1e+06,"AS","amna_2011","AS_amna_2011","amna_2011AS194"
"731",5,10,11120000,882431.7,465.6,1e+06,"AS","amna_2011","AS_amna_2011","amna_2011AS1104"
"732",5,11,10110000,166614.8,95.9,1e+06,"ER","amna_2011","ER_amna_2011","amna_2011ER1114"
"733",5,12,11020000,195838.7,178.2,1e+06,"ER","amna_2011","ER_amna_2011","amna_2011ER1124"
"734",5,13,9340000,277648.3,505.3,1e+06,"ER","amna_2011","ER_amna_2011","amna_2011ER1134"
"735",5,14,10140000,549240.1,130.4,1e+06,"ER","amna_2011","ER_amna_2011","amna_2011ER1144"
"736",5,15,11420000,669603.1,279.1,1e+06,"ER","amna_2011","ER_amna_2011","amna_2011ER1154"
"737",5,16,10110000,80807.98,6.42,1e+06,"CR","amna_2011","CR_amna_2011","amna_2011CR1164"
"738",5,19,9340000,187189,10.3,1e+06,"CR","amna_2011","CR_amna_2011","amna_2011CR1194"
"739",5,20,9910000,160336.3,35.7,1e+06,"CR","amna_2011","CR_amna_2011","amna_2011CR1204"
"740",5,21,9160000,92568.9,28.4,1e+06,"CW","amna_2011","CW_amna_2011","amna_2011CW1214"
"741",5,22,10140000,248343.7,54,1e+06,"CW","amna_2011","CW_amna_2011","amna_2011CW1224"
"742",5,23,11100000,61478.6,16.7,1e+06,"CW","amna_2011","CW_amna_2011","amna_2011CW1234"
"743",5,24,9430000,3444.8,1,1e+06,"CW","amna_2011","CW_amna_2011","amna_2011CW1244"
"744",5,25,9400000,371329.9,77.5,1e+06,"CW","amna_2011","CW_amna_2011","amna_2011CW1254"
"745",5,26,9680000,65675.9,18,1e+06,"DK","amna_2011","DK_amna_2011","amna_2011DK1264"
"746",5,27,10610000,100744.8,14.3,1e+06,"DK","amna_2011","DK_amna_2011","amna_2011DK1274"
"747",5,28,10430000,117574.8,20.7,1e+06,"DK","amna_2011","DK_amna_2011","amna_2011DK1284"
"748",5,29,9710000,55267.89,9.81,1e+06,"DK","amna_2011","DK_amna_2011","amna_2011DK1294"
"749",5,30,8990000,114670.2,17.5,1e+06,"DK","amna_2011","DK_amna_2011","amna_2011DK1304"
"750",6,1,6210000,1326447.7,410.7,1e+06,"AJ","amna_2011","AJ_amna_2011","amna_2011AJ114"
"751",6,2,9780000,830925.3,427.7,1e+06,"AJ","amna_2011","AJ_amna_2011","amna_2011AJ124"
"752",6,3,7320000,1337111.5,1268.3,1e+06,"AJ","amna_2011","AJ_amna_2011","amna_2011AJ134"
"753",6,4,9820000,469333.1,0,1e+06,"AJ","amna_2011","AJ_amna_2011","amna_2011AJ144"
"754",6,5,9070000,817056.5,1420.4,1e+06,"AJ","amna_2011","AJ_amna_2011","amna_2011AJ154"
"755",6,6,6500000,1183289.3,9185.3,1e+06,"AS","amna_2011","AS_amna_2011","amna_2011AS164"
"756",6,7,7960000,1275316.3,3346.4,1e+06,"AS","amna_2011","AS_amna_2011","amna_2011AS174"
"757",6,8,9380000,1245491.2,2937.1,1e+06,"AS","amna_2011","AS_amna_2011","amna_2011AS184"
"758",6,9,9290000,615574.7,2702.3,1e+06,"AS","amna_2011","AS_amna_2011","amna_2011AS194"
"759",6,10,9830000,1755053.3,5216.1,1e+06,"AS","amna_2011","AS_amna_2011","amna_2011AS1104"
"760",6,11,9310000,762768.9,721.2,1e+06,"ER","amna_2011","ER_amna_2011","amna_2011ER1114"
"761",6,12,8860000,1283488.2,1746.4,1e+06,"ER","amna_2011","ER_amna_2011","amna_2011ER1124"
"762",6,13,9240000,1549035.5,1905.8,1e+06,"ER","amna_2011","ER_amna_2011","amna_2011ER1134"
"763",6,14,9900000,746305.3,1016.1,1e+06,"ER","amna_2011","ER_amna_2011","amna_2011ER1144"
"764",6,15,10610000,1459991.5,2072.4,1e+06,"ER","amna_2011","ER_amna_2011","amna_2011ER1154"
"765",6,16,8090000,480615.8,127.9,1e+06,"CR","amna_2011","CR_amna_2011","amna_2011CR1164"
"766",6,19,9080000,636461.4,132.9,1e+06,"CR","amna_2011","CR_amna_2011","amna_2011CR1194"
"767",6,20,9540000,538788.3,138.2,1e+06,"CR","amna_2011","CR_amna_2011","amna_2011CR1204"
"768",6,21,8980000,744875.2,361.9,1e+06,"CW","amna_2011","CW_amna_2011","amna_2011CW1214"
"769",6,22,8930000,1167593.5,616.1,1e+06,"CW","amna_2011","CW_amna_2011","amna_2011CW1224"
"770",6,23,8220000,251642.1,56.7,1e+06,"CW","amna_2011","CW_amna_2011","amna_2011CW1234"
"771",6,24,9200000,10852.4,1,1e+06,"CW","amna_2011","CW_amna_2011","amna_2011CW1244"
"772",6,25,8290000,1507907.7,614.5,1e+06,"CW","amna_2011","CW_amna_2011","amna_2011CW1254"
"773",6,26,9170000,104798.1,10.7,1e+06,"DK","amna_2011","DK_amna_2011","amna_2011DK1264"
"774",6,27,10060000,348875,32.3,1e+06,"DK","amna_2011","DK_amna_2011","amna_2011DK1274"
"775",6,28,9380000,391983.6,45.4,1e+06,"DK","amna_2011","DK_amna_2011","amna_2011DK1284"
"776",6,29,9520000,222359.2,22.3,1e+06,"DK","amna_2011","DK_amna_2011","amna_2011DK1294"
"777",6,30,8970000,257930.5,19.7,1e+06,"DK","amna_2011","DK_amna_2011","amna_2011DK1304"
"778",7,1,4860000,1282211.5,71.7,1e+06,"AJ","amna_2011","AJ_amna_2011","amna_2011AJ114"
"779",7,2,8690000,1896802.2,513.7,1e+06,"AJ","amna_2011","AJ_amna_2011","amna_2011AJ124"
"780",7,3,6090000,2570353.6,1273.3,1e+06,"AJ","amna_2011","AJ_amna_2011","amna_2011AJ134"
"781",7,4,8120000,868744.5,206,1e+06,"AJ","amna_2011","AJ_amna_2011","amna_2011AJ144"
"782",7,5,6260000,1356249.6,1260.6,1e+06,"AJ","amna_2011","AJ_amna_2011","amna_2011AJ154"
"783",7,6,4850000,1021725.9,17093.6,1e+06,"AS","amna_2011","AS_amna_2011","amna_2011AS164"
"784",7,7,6290000,1393587.7,4115.1,1e+06,"AS","amna_2011","AS_amna_2011","amna_2011AS174"
"785",7,8,7140000,1530054.2,3900.3,1e+06,"AS","amna_2011","AS_amna_2011","amna_2011AS184"
"786",7,9,7150000,513815.5,2183.8,1e+06,"AS","amna_2011","AS_amna_2011","amna_2011AS194"
"787",7,10,6140000,2212727.1,2858.8,1e+06,"AS","amna_2011","AS_amna_2011","amna_2011AS1104"
"788",7,11,7820000,361028.9,687.1,1e+06,"ER","amna_2011","ER_amna_2011","amna_2011ER1114"
"789",7,12,6310000,1141467.7,914.7,1e+06,"ER","amna_2011","ER_amna_2011","amna_2011ER1124"
"790",7,13,6500000,1672900.2,2968.9,1e+06,"ER","amna_2011","ER_amna_2011","amna_2011ER1134"
"791",7,14,8130000,1239753.6,1065.8,1e+06,"ER","amna_2011","ER_amna_2011","amna_2011ER1144"
"792",7,15,6440000,1069426.4,669,1e+06,"ER","amna_2011","ER_amna_2011","amna_2011ER1154"
"793",7,16,9580000,794861.1,1026.2,1e+06,"CR","amna_2011","CR_amna_2011","amna_2011CR1164"
"794",7,19,7310000,364936.9,5681.8,1e+06,"CR","amna_2011","CR_amna_2011","amna_2011CR1194"
"795",7,20,9120000,1531015.1,1835.2,1e+06,"CR","amna_2011","CR_amna_2011","amna_2011CR1204"
"796",7,21,7900000,1860023.8,3259.6,1e+06,"CW","amna_2011","CW_amna_2011","amna_2011CW1214"
"797",7,22,6070000,1747831.2,3458.8,1e+06,"CW","amna_2011","CW_amna_2011","amna_2011CW1224"
"798",7,23,6510000,1009613.7,3905.4,1e+06,"CW","amna_2011","CW_amna_2011","amna_2011CW1234"
"799",7,24,7190000,37030.9,115.7,1e+06,"CW","amna_2011","CW_amna_2011","amna_2011CW1244"
"800",7,25,4920000,2862535.9,654.1,1e+06,"CW","amna_2011","CW_amna_2011","amna_2011CW1254"
"801",7,26,8630000,217775.5,180.6,1e+06,"DK","amna_2011","DK_amna_2011","amna_2011DK1264"
"802",7,27,7960000,828537.6,190.1,1e+06,"DK","amna_2011","DK_amna_2011","amna_2011DK1274"
"803",7,28,7270000,527981.5,460.6,1e+06,"DK","amna_2011","DK_amna_2011","amna_2011DK1284"
"804",7,29,6280000,344902.2,169.4,1e+06,"DK","amna_2011","DK_amna_2011","amna_2011DK1294"
"805",7,30,6260000,668522.7,212.1,1e+06,"DK","amna_2011","DK_amna_2011","amna_2011DK1304"
"806",8,1,3160000,1111595.6,41.4,1e+06,"AJ","amna_2011","AJ_amna_2011","amna_2011AJ114"
"807",8,2,5980000,2457723.1,30.8,1e+06,"AJ","amna_2011","AJ_amna_2011","amna_2011AJ124"
"808",8,3,3920000,2371165,20.6,1e+06,"AJ","amna_2011","AJ_amna_2011","amna_2011AJ134"
"809",8,4,5260000,1604251.9,22.8,1e+06,"AJ","amna_2011","AJ_amna_2011","amna_2011AJ144"
"810",8,5,4610000,2527703.9,18.3,1e+06,"AJ","amna_2011","AJ_amna_2011","amna_2011AJ154"
"811",8,6,3720000,3149570.6,22.5,1e+06,"AS","amna_2011","AS_amna_2011","amna_2011AS164"
"812",8,7,4e+06,2635646.1,31.1,1e+06,"AS","amna_2011","AS_amna_2011","amna_2011AS174"
"813",8,8,4920000,5352754.9,57.6,1e+06,"AS","amna_2011","AS_amna_2011","amna_2011AS184"
"814",8,9,4600000,2871579,51.6,1e+06,"AS","amna_2011","AS_amna_2011","amna_2011AS194"
"815",8,10,3350000,3901902.8,36.3,1e+06,"AS","amna_2011","AS_amna_2011","amna_2011AS1104"
"816",8,11,5100000,2175892.7,15.9,1e+06,"ER","amna_2011","ER_amna_2011","amna_2011ER1114"
"817",8,12,4310000,1937234,35.8,1e+06,"ER","amna_2011","ER_amna_2011","amna_2011ER1124"
"818",8,13,3790000,1910368.1,41.9,1e+06,"ER","amna_2011","ER_amna_2011","amna_2011ER1134"
"819",8,14,6400000,3186999,85.4,1e+06,"ER","amna_2011","ER_amna_2011","amna_2011ER1144"
"820",8,15,4060000,2566992.6,13.2,1e+06,"ER","amna_2011","ER_amna_2011","amna_2011ER1154"
"821",8,16,9660000,3263186.8,183.8,1e+06,"CR","amna_2011","CR_amna_2011","amna_2011CR1164"
"822",8,19,5250000,4606557.5,529.7,1e+06,"CR","amna_2011","CR_amna_2011","amna_2011CR1194"
"823",8,20,8190000,4491503.2,874.6,1e+06,"CR","amna_2011","CR_amna_2011","amna_2011CR1204"
"824",8,21,5750000,2534874.4,115.1,1e+06,"CW","amna_2011","CW_amna_2011","amna_2011CW1214"
"825",8,22,4540000,2272581.8,34.3,1e+06,"CW","amna_2011","CW_amna_2011","amna_2011CW1224"
"826",8,23,5340000,3374421,1281.8,1e+06,"CW","amna_2011","CW_amna_2011","amna_2011CW1234"
"827",8,24,7200000,162129,199.3,1e+06,"CW","amna_2011","CW_amna_2011","amna_2011CW1244"
"828",8,25,3750000,2643632.6,91.8,1e+06,"CW","amna_2011","CW_amna_2011","amna_2011CW1254"
"829",8,26,7600000,868069.2,15.5,1e+06,"DK","amna_2011","DK_amna_2011","amna_2011DK1264"
"830",8,27,6570000,1459624.1,52.9,1e+06,"DK","amna_2011","DK_amna_2011","amna_2011DK1274"
"831",8,28,5730000,1471955,25.3,1e+06,"DK","amna_2011","DK_amna_2011","amna_2011DK1284"
"832",8,29,6820000,902600.8,85.1,1e+06,"DK","amna_2011","DK_amna_2011","amna_2011DK1294"
"833",8,30,5860000,1205081.4,29.1,1e+06,"DK","amna_2011","DK_amna_2011","amna_2011DK1304"
"834",9,1,2830000,2082927.7,1.4,1e+06,"AJ","amna_2011","AJ_amna_2011","amna_2011AJ114"
"835",9,2,3710000,881172.91,7.69,1e+06,"AJ","amna_2011","AJ_amna_2011","amna_2011AJ124"
"836",9,3,2090000,2992066.4,18.3,1e+06,"AJ","amna_2011","AJ_amna_2011","amna_2011AJ134"
"837",9,4,2870000,460428.67,7.63,1e+06,"AJ","amna_2011","AJ_amna_2011","amna_2011AJ144"
"838",9,5,3050000,2284401.19,7.71,1e+06,"AJ","amna_2011","AJ_amna_2011","amna_2011AJ154"
"839",9,6,2670000,2528902.63,8.97,1e+06,"AS","amna_2011","AS_amna_2011","amna_2011AS164"
"840",9,7,2940000,1509491.1,1.9,1e+06,"AS","amna_2011","AS_amna_2011","amna_2011AS174"
"841",9,8,2790000,2934663,57.6,1e+06,"AS","amna_2011","AS_amna_2011","amna_2011AS184"
"842",9,9,3030000,2128969.3,32.1,1e+06,"AS","amna_2011","AS_amna_2011","amna_2011AS194"
"843",9,10,2260000,3299200.3,11.6,1e+06,"AS","amna_2011","AS_amna_2011","amna_2011AS1104"
"844",9,11,2970000,1610507.9,14.1,1e+06,"ER","amna_2011","ER_amna_2011","amna_2011ER1114"
"845",9,12,2890000,1367883.81,2.79,1e+06,"ER","amna_2011","ER_amna_2011","amna_2011ER1124"
"846",9,13,2450000,2041749.2,36,1e+06,"ER","amna_2011","ER_amna_2011","amna_2011ER1134"
"847",9,14,3480000,2850458.75,4.35,1e+06,"ER","amna_2011","ER_amna_2011","amna_2011ER1144"
"848",9,15,2350000,2006231.26,5.14,1e+06,"ER","amna_2011","ER_amna_2011","amna_2011ER1154"
"849",9,16,4380000,1786522.4,149.8,1e+06,"CR","amna_2011","CR_amna_2011","amna_2011CR1164"
"850",9,19,2390000,1968365.7,21.6,1e+06,"CR","amna_2011","CR_amna_2011","amna_2011CR1194"
"851",9,20,3730000,3983011.9,35.6,1e+06,"CR","amna_2011","CR_amna_2011","amna_2011CR1204"
"852",9,21,3310000,1801676.4,30.2,1e+06,"CW","amna_2011","CW_amna_2011","amna_2011CW1214"
"853",9,22,2700000,1240732.6,12.2,1e+06,"CW","amna_2011","CW_amna_2011","amna_2011CW1224"
"854",9,23,4200000,2265986.2,146.1,1e+06,"CW","amna_2011","CW_amna_2011","amna_2011CW1234"
"855",9,24,7060000,765286.4,264.4,1e+06,"CW","amna_2011","CW_amna_2011","amna_2011CW1244"
"856",9,25,2410000,1369440.28,9.22,1e+06,"CW","amna_2011","CW_amna_2011","amna_2011CW1254"
"857",9,26,6120000,566238.5,79.9,1e+06,"DK","amna_2011","DK_amna_2011","amna_2011DK1264"
"858",9,27,3930000,742987.9,166.6,1e+06,"DK","amna_2011","DK_amna_2011","amna_2011DK1274"
"859",9,28,5020000,791984.7,118.9,1e+06,"DK","amna_2011","DK_amna_2011","amna_2011DK1284"
"860",9,29,5870000,821963.5,157.3,1e+06,"DK","amna_2011","DK_amna_2011","amna_2011DK1294"
"861",9,30,3580000,743923.1,115,1e+06,"DK","amna_2011","DK_amna_2011","amna_2011DK1304"
"862",10,1,3610000,863870.9,298.3,1e+06,"AJ","amna_2011","AJ_amna_2011","amna_2011AJ114"
"863",10,2,3120000,563299.8,149.3,1e+06,"AJ","amna_2011","AJ_amna_2011","amna_2011AJ124"
"864",10,3,1610000,657939.4,475.6,1e+06,"AJ","amna_2011","AJ_amna_2011","amna_2011AJ134"
"865",10,4,3290000,801685.3,393,1e+06,"AJ","amna_2011","AJ_amna_2011","amna_2011AJ144"
"866",10,5,2500000,1691914.5,385.5,1e+06,"AJ","amna_2011","AJ_amna_2011","amna_2011AJ154"
"867",10,6,2110000,1345691.1,6170.6,1e+06,"AS","amna_2011","AS_amna_2011","amna_2011AS164"
"868",10,7,4200000,502958.5,904.5,1e+06,"AS","amna_2011","AS_amna_2011","amna_2011AS174"
"869",10,8,2980000,815931,4941,1e+06,"AS","amna_2011","AS_amna_2011","amna_2011AS184"
"870",10,9,4230000,613581.4,6674.7,1e+06,"AS","amna_2011","AS_amna_2011","amna_2011AS194"
"871",10,10,2290000,810186.4,2960,1e+06,"AS","amna_2011","AS_amna_2011","amna_2011AS1104"
"872",10,11,3010000,441236.9,463.1,1e+06,"ER","amna_2011","ER_amna_2011","amna_2011ER1114"
"873",10,12,3610000,530730.5,552,1e+06,"ER","amna_2011","ER_amna_2011","amna_2011ER1124"
"874",10,13,3030000,1530418.7,242.9,1e+06,"ER","amna_2011","ER_amna_2011","amna_2011ER1134"
"875",10,14,3120000,857127.2,219.4,1e+06,"ER","amna_2011","ER_amna_2011","amna_2011ER1144"
"876",10,15,2920000,1178838.5,363.5,1e+06,"ER","amna_2011","ER_amna_2011","amna_2011ER1154"
"877",10,16,2400000,507002,279.2,1e+06,"CR","amna_2011","CR_amna_2011","amna_2011CR1164"
"878",10,19,1720000,1575993.3,455.8,1e+06,"CR","amna_2011","CR_amna_2011","amna_2011CR1194"
"879",10,20,3240000,2474495.1,1165.2,1e+06,"CR","amna_2011","CR_amna_2011","amna_2011CR1204"
"880",10,21,2780000,579351.2,340.5,1e+06,"CW","amna_2011","CW_amna_2011","amna_2011CW1214"
"881",10,22,2540000,1153582.1,816.3,1e+06,"CW","amna_2011","CW_amna_2011","amna_2011CW1224"
"882",10,23,2790000,2562587.9,4745.2,1e+06,"CW","amna_2011","CW_amna_2011","amna_2011CW1234"
"883",10,24,6100000,2422115.9,5763,1e+06,"CW","amna_2011","CW_amna_2011","amna_2011CW1244"
"884",10,25,3050000,906986.7,3524.4,1e+06,"CW","amna_2011","CW_amna_2011","amna_2011CW1254"
"885",10,26,4660000,380008.4,93.7,1e+06,"DK","amna_2011","DK_amna_2011","amna_2011DK1264"
"886",10,27,3590000,543437,160.1,1e+06,"DK","amna_2011","DK_amna_2011","amna_2011DK1274"
"887",10,28,4200000,491131.8,154.6,1e+06,"DK","amna_2011","DK_amna_2011","amna_2011DK1284"
"888",10,29,4380000,383851.6,293,1e+06,"DK","amna_2011","DK_amna_2011","amna_2011DK1294"
"889",10,30,3330000,618365.2,155.4,1e+06,"DK","amna_2011","DK_amna_2011","amna_2011DK1304"
"890",11,1,4140000,190262.9,686.7,1e+06,"AJ","amna_2011","AJ_amna_2011","amna_2011AJ114"
"891",11,2,3360000,56767.5,406.5,1e+06,"AJ","amna_2011","AJ_amna_2011","amna_2011AJ124"
"892",11,3,2590000,311132,986.2,1e+06,"AJ","amna_2011","AJ_amna_2011","amna_2011AJ134"
"893",11,4,4840000,126490.9,3899.3,1e+06,"AJ","amna_2011","AJ_amna_2011","amna_2011AJ144"
"894",11,5,2900000,1131221.7,1044,1e+06,"AJ","amna_2011","AJ_amna_2011","amna_2011AJ154"
"895",11,6,3390000,1777439.8,8174.3,1e+06,"AS","amna_2011","AS_amna_2011","amna_2011AS164"
"896",11,7,5410000,128910.8,3754.3,1e+06,"AS","amna_2011","AS_amna_2011","amna_2011AS174"
"897",11,8,4270000,752034.4,46353.6,1e+06,"AS","amna_2011","AS_amna_2011","amna_2011AS184"
"898",11,9,4240000,207573.3,27301.9,1e+06,"AS","amna_2011","AS_amna_2011","amna_2011AS194"
"899",11,10,2820000,814185.8,17480.2,1e+06,"AS","amna_2011","AS_amna_2011","amna_2011AS1104"
"900",11,11,4770000,232966.7,3687.8,1e+06,"ER","amna_2011","ER_amna_2011","amna_2011ER1114"
"901",11,12,4570000,216739.5,14440.2,1e+06,"ER","amna_2011","ER_amna_2011","amna_2011ER1124"
"902",11,13,3280000,669345.2,14281.1,1e+06,"ER","amna_2011","ER_amna_2011","amna_2011ER1134"
"903",11,14,3480000,388819.9,3391.3,1e+06,"ER","amna_2011","ER_amna_2011","amna_2011ER1144"
"904",11,15,3680000,441754.4,9682,1e+06,"ER","amna_2011","ER_amna_2011","amna_2011ER1154"
"905",11,16,2810000,646966.4,223.4,1e+06,"CR","amna_2011","CR_amna_2011","amna_2011CR1164"
"906",11,19,2840000,672430.8,2515.1,1e+06,"CR","amna_2011","CR_amna_2011","amna_2011CR1194"
"907",11,20,3720000,1536906.7,4697.4,1e+06,"CR","amna_2011","CR_amna_2011","amna_2011CR1204"
"908",11,21,2880000,558002.7,442.5,1e+06,"CW","amna_2011","CW_amna_2011","amna_2011CW1214"
"909",11,22,3240000,806709,4089.8,1e+06,"CW","amna_2011","CW_amna_2011","amna_2011CW1224"
"910",11,23,2730000,1306710.1,3478.2,1e+06,"CW","amna_2011","CW_amna_2011","amna_2011CW1234"
"911",11,24,4540000,2381412,58148.5,1e+06,"CW","amna_2011","CW_amna_2011","amna_2011CW1244"
"912",11,25,3730000,979400.8,49590.1,1e+06,"CW","amna_2011","CW_amna_2011","amna_2011CW1254"
"913",11,26,4430000,276622.8,487.3,1e+06,"DK","amna_2011","DK_amna_2011","amna_2011DK1264"
"914",11,27,5100000,406682.8,3224.4,1e+06,"DK","amna_2011","DK_amna_2011","amna_2011DK1274"
"915",11,28,4020000,256796.1,443.3,1e+06,"DK","amna_2011","DK_amna_2011","amna_2011DK1284"
"916",11,29,4020000,318902.1,1106.7,1e+06,"DK","amna_2011","DK_amna_2011","amna_2011DK1294"
"917",11,30,3780000,455653.9,2610.7,1e+06,"DK","amna_2011","DK_amna_2011","amna_2011DK1304"
"918",12,1,5400000,166712.2,3208.3,1e+06,"AJ","amna_2011","AJ_amna_2011","amna_2011AJ114"
"919",12,2,3730000,15434.6,277.9,1e+06,"AJ","amna_2011","AJ_amna_2011","amna_2011AJ124"
"920",12,3,3360000,98889.6,958.7,1e+06,"AJ","amna_2011","AJ_amna_2011","amna_2011AJ134"
"921",12,4,6160000,16904.1,1901.2,1e+06,"AJ","amna_2011","AJ_amna_2011","amna_2011AJ144"
"922",12,5,3440000,343955.1,1446.8,1e+06,"AJ","amna_2011","AJ_amna_2011","amna_2011AJ154"
"923",12,6,3860000,554278.8,39342.2,1e+06,"AS","amna_2011","AS_amna_2011","amna_2011AS164"
"924",12,7,4580000,34543,2385.4,1e+06,"AS","amna_2011","AS_amna_2011","amna_2011AS174"
"925",12,8,4710000,377125.7,39204.2,1e+06,"AS","amna_2011","AS_amna_2011","amna_2011AS184"
"926",12,9,5040000,50264.6,7659.3,1e+06,"AS","amna_2011","AS_amna_2011","amna_2011AS194"
"927",12,10,4740000,482718.2,10388.4,1e+06,"AS","amna_2011","AS_amna_2011","amna_2011AS1104"
"928",12,11,5620000,67364.9,14769.6,1e+06,"ER","amna_2011","ER_amna_2011","amna_2011ER1114"
"929",12,12,4570000,88501.7,20199.7,1e+06,"ER","amna_2011","ER_amna_2011","amna_2011ER1124"
"930",12,13,4510000,902549.2,32055.7,1e+06,"ER","amna_2011","ER_amna_2011","amna_2011ER1134"
"931",12,14,5700000,113061.2,2920.8,1e+06,"ER","amna_2011","ER_amna_2011","amna_2011ER1144"
"932",12,15,4760000,77496.8,10647.5,1e+06,"ER","amna_2011","ER_amna_2011","amna_2011ER1154"
"933",12,16,3800000,274715.8,983.3,1e+06,"CR","amna_2011","CR_amna_2011","amna_2011CR1164"
"934",12,19,4020000,498138.5,11969.2,1e+06,"CR","amna_2011","CR_amna_2011","amna_2011CR1194"
"935",12,20,5e+06,302547.2,6181.7,1e+06,"CR","amna_2011","CR_amna_2011","amna_2011CR1204"
"936",12,21,4e+06,198299.3,2279.6,1e+06,"CW","amna_2011","CW_amna_2011","amna_2011CW1214"
"937",12,22,4100000,401521.1,19470.3,1e+06,"CW","amna_2011","CW_amna_2011","amna_2011CW1224"
"938",12,23,3570000,730312,23020.3,1e+06,"CW","amna_2011","CW_amna_2011","amna_2011CW1234"
"939",12,24,3600000,2378256.1,17375.2,1e+06,"CW","amna_2011","CW_amna_2011","amna_2011CW1244"
"940",12,25,4220000,433306.4,49518.8,1e+06,"CW","amna_2011","CW_amna_2011","amna_2011CW1254"
"941",12,26,4540000,93415.2,467.6,1e+06,"DK","amna_2011","DK_amna_2011","amna_2011DK1264"
"942",12,27,5010000,122711.2,2486,1e+06,"DK","amna_2011","DK_amna_2011","amna_2011DK1274"
"943",12,28,4210000,48947.1,863.6,1e+06,"DK","amna_2011","DK_amna_2011","amna_2011DK1284"
"944",12,29,4540000,74057.8,1219.8,1e+06,"DK","amna_2011","DK_amna_2011","amna_2011DK1294"
"945",12,30,4440000,88104.5,1295.8,1e+06,"DK","amna_2011","DK_amna_2011","amna_2011DK1304"
"946",13,1,6270000,20034.3,660,1e+06,"AJ","amna_2011","AJ_amna_2011","amna_2011AJ114"
"947",13,2,3440000,477.6,23.4,1e+06,"AJ","amna_2011","AJ_amna_2011","amna_2011AJ124"
"948",13,3,4100000,47483.8,574.9,1e+06,"AJ","amna_2011","AJ_amna_2011","amna_2011AJ134"
"949",13,4,6630000,201.4,91.7,1e+06,"AJ","amna_2011","AJ_amna_2011","amna_2011AJ144"
"950",13,5,3960000,129150.1,103.9,1e+06,"AJ","amna_2011","AJ_amna_2011","amna_2011AJ154"
"951",13,6,4240000,67046.5,2441.5,1e+06,"AS","amna_2011","AS_amna_2011","amna_2011AS164"
"952",13,7,5280000,1597.4,291.3,1e+06,"AS","amna_2011","AS_amna_2011","amna_2011AS174"
"953",13,8,5650000,48598.4,5773.9,1e+06,"AS","amna_2011","AS_amna_2011","amna_2011AS184"
"954",13,9,6470000,1357.4,626.5,1e+06,"AS","amna_2011","AS_amna_2011","amna_2011AS194"
"955",13,10,5460000,180463.5,2316,1e+06,"AS","amna_2011","AS_amna_2011","amna_2011AS1104"
"956",13,11,5980000,10533.7,2718.5,1e+06,"ER","amna_2011","ER_amna_2011","amna_2011ER1114"
"957",13,12,6090000,10165.2,1634.3,1e+06,"ER","amna_2011","ER_amna_2011","amna_2011ER1124"
"958",13,13,4690000,389906.1,11979,1e+06,"ER","amna_2011","ER_amna_2011","amna_2011ER1134"
"959",13,14,5890000,16798.6,2175.8,1e+06,"ER","amna_2011","ER_amna_2011","amna_2011ER1144"
"960",13,15,6030000,14339.8,915,1e+06,"ER","amna_2011","ER_amna_2011","amna_2011ER1154"
"961",13,16,5110000,105877.1,2052.9,1e+06,"CR","amna_2011","CR_amna_2011","amna_2011CR1164"
"962",13,19,4420000,675367.7,14677.3,1e+06,"CR","amna_2011","CR_amna_2011","amna_2011CR1194"
"963",13,20,5560000,106309.6,2891.5,1e+06,"CR","amna_2011","CR_amna_2011","amna_2011CR1204"
"964",13,21,5520000,40878.1,3144.3,1e+06,"CW","amna_2011","CW_amna_2011","amna_2011CW1214"
"965",13,22,4850000,186066,12899.7,1e+06,"CW","amna_2011","CW_amna_2011","amna_2011CW1224"
"966",13,23,3930000,262490.1,11417.8,1e+06,"CW","amna_2011","CW_amna_2011","amna_2011CW1234"
"967",13,24,3070000,1781757.4,17304.2,1e+06,"CW","amna_2011","CW_amna_2011","amna_2011CW1244"
"968",13,25,3900000,477957.3,11999.6,1e+06,"CW","amna_2011","CW_amna_2011","amna_2011CW1254"
"969",13,26,4460000,120674.8,1357.6,1e+06,"DK","amna_2011","DK_amna_2011","amna_2011DK1264"
"970",13,27,5590000,80704.5,2910.8,1e+06,"DK","amna_2011","DK_amna_2011","amna_2011DK1274"
"971",13,28,4970000,28261,1095.1,1e+06,"DK","amna_2011","DK_amna_2011","amna_2011DK1284"
"972",13,29,5100000,75435.8,1775.6,1e+06,"DK","amna_2011","DK_amna_2011","amna_2011DK1294"
"973",13,30,4230000,71033.7,2217.8,1e+06,"DK","amna_2011","DK_amna_2011","amna_2011DK1304"
"974",14,1,6180000,9167.98,3.42,1e+06,"AJ","amna_2011","AJ_amna_2011","amna_2011AJ114"
"975",14,2,5100000,0,0.628,1e+06,"AJ","amna_2011","AJ_amna_2011","amna_2011AJ124"
"976",14,3,4920000,38157.2,316.9,1e+06,"AJ","amna_2011","AJ_amna_2011","amna_2011AJ134"
"977",14,4,5750000,0,3.49,1e+06,"AJ","amna_2011","AJ_amna_2011","amna_2011AJ144"
"978",14,5,5150000,21858.5,188.3,1e+06,"AJ","amna_2011","AJ_amna_2011","amna_2011AJ154"
"979",14,6,5280000,37747.4,831.4,1e+06,"AS","amna_2011","AS_amna_2011","amna_2011AS164"
"980",14,7,6350000,899.2,108.8,1e+06,"AS","amna_2011","AS_amna_2011","amna_2011AS174"
"981",14,8,6470000,208.7,107.5,1e+06,"AS","amna_2011","AS_amna_2011","amna_2011AS184"
"982",14,9,5300000,10345.8,1864.9,1e+06,"AS","amna_2011","AS_amna_2011","amna_2011AS194"
"983",14,10,4520000,96653.6,1570.3,1e+06,"AS","amna_2011","AS_amna_2011","amna_2011AS1104"
"984",14,11,5740000,3006.4,664.6,1e+06,"ER","amna_2011","ER_amna_2011","amna_2011ER1114"
"985",14,12,5700000,2421.8,751.4,1e+06,"ER","amna_2011","ER_amna_2011","amna_2011ER1124"
"986",14,13,5510000,170293,8080,1e+06,"ER","amna_2011","ER_amna_2011","amna_2011ER1134"
"987",14,14,4410000,1609,805.6,1e+06,"ER","amna_2011","ER_amna_2011","amna_2011ER1144"
"988",14,15,3970000,4258.9,538.7,1e+06,"ER","amna_2011","ER_amna_2011","amna_2011ER1154"
"989",14,16,5670000,68816.5,4899.4,1e+06,"CR","amna_2011","CR_amna_2011","amna_2011CR1164"
"990",14,19,3950000,579665.7,22784.8,1e+06,"CR","amna_2011","CR_amna_2011","amna_2011CR1194"
"991",14,20,5050000,39380.4,3785.4,1e+06,"CR","amna_2011","CR_amna_2011","amna_2011CR1204"
"992",14,21,5760000,34674.2,3589.3,1e+06,"CW","amna_2011","CW_amna_2011","amna_2011CW1214"
"993",14,22,5350000,179687.6,9897.8,1e+06,"CW","amna_2011","CW_amna_2011","amna_2011CW1224"
"994",14,23,4510000,71797.3,2965.5,1e+06,"CW","amna_2011","CW_amna_2011","amna_2011CW1234"
"995",14,24,2970000,682252.4,37888.5,1e+06,"CW","amna_2011","CW_amna_2011","amna_2011CW1244"
"996",14,25,3750000,169616.8,17162.7,1e+06,"CW","amna_2011","CW_amna_2011","amna_2011CW1254"
"997",14,26,4660000,63773,2347.8,1e+06,"DK","amna_2011","DK_amna_2011","amna_2011DK1264"
"998",14,27,6010000,71039.3,10949.3,1e+06,"DK","amna_2011","DK_amna_2011","amna_2011DK1274"
"999",14,28,5080000,47455.7,2762.8,1e+06,"DK","amna_2011","DK_amna_2011","amna_2011DK1284"
"1000",14,29,5270000,10942.5,1166.5,1e+06,"DK","amna_2011","DK_amna_2011","amna_2011DK1294"
"1001",14,30,4740000,22694.7,699.6,1e+06,"DK","amna_2011","DK_amna_2011","amna_2011DK1304"
"1002",15,1,5710000,6507.9,74,1e+06,"AJ","amna_2011","AJ_amna_2011","amna_2011AJ114"
"1003",15,2,3980000,0,0,1e+06,"AJ","amna_2011","AJ_amna_2011","amna_2011AJ124"
"1004",15,3,4610000,25170.4,296.3,1e+06,"AJ","amna_2011","AJ_amna_2011","amna_2011AJ134"
"1005",15,4,4920000,0,0,1e+06,"AJ","amna_2011","AJ_amna_2011","amna_2011AJ144"
"1006",15,5,5040000,10838.7,197.6,1e+06,"AJ","amna_2011","AJ_amna_2011","amna_2011AJ154"
"1007",15,6,5880000,16358.2,1198.9,1e+06,"AS","amna_2011","AS_amna_2011","amna_2011AS164"
"1008",15,7,4910000,1003.9,43.6,1e+06,"AS","amna_2011","AS_amna_2011","amna_2011AS174"
"1009",15,8,5420000,2584.6,524.3,1e+06,"AS","amna_2011","AS_amna_2011","amna_2011AS184"
"1010",15,9,5340000,49.8,47.8,1e+06,"AS","amna_2011","AS_amna_2011","amna_2011AS194"
"1011",15,10,5460000,37715.8,1354.5,1e+06,"AS","amna_2011","AS_amna_2011","amna_2011AS1104"
"1012",15,11,5590000,11947.3,444.4,1e+06,"ER","amna_2011","ER_amna_2011","amna_2011ER1114"
"1013",15,12,5790000,2308.8,317.3,1e+06,"ER","amna_2011","ER_amna_2011","amna_2011ER1124"
"1014",15,13,4360000,35516.8,10616.8,1e+06,"ER","amna_2011","ER_amna_2011","amna_2011ER1134"
"1015",15,14,5370000,88.7,215.6,1e+06,"ER","amna_2011","ER_amna_2011","amna_2011ER1144"
"1016",15,15,5580000,1357.1,386.9,1e+06,"ER","amna_2011","ER_amna_2011","amna_2011ER1154"
"1017",15,16,4930000,104585.1,5170.4,1e+06,"CR","amna_2011","CR_amna_2011","amna_2011CR1164"
"1018",15,19,4320000,166527.9,34459.7,1e+06,"CR","amna_2011","CR_amna_2011","amna_2011CR1194"
"1019",15,20,5920000,3591.2,1541.3,1e+06,"CR","amna_2011","CR_amna_2011","amna_2011CR1204"
"1020",15,21,5370000,31456.9,1757.9,1e+06,"CW","amna_2011","CW_amna_2011","amna_2011CW1214"
"1021",15,22,5610000,128909.5,3301.1,1e+06,"CW","amna_2011","CW_amna_2011","amna_2011CW1224"
"1022",15,23,4570000,11848.3,1128.6,1e+06,"CW","amna_2011","CW_amna_2011","amna_2011CW1234"
"1023",15,24,3850000,328308.5,18414.5,1e+06,"CW","amna_2011","CW_amna_2011","amna_2011CW1244"
"1024",15,25,3860000,49312,6604.6,1e+06,"CW","amna_2011","CW_amna_2011","amna_2011CW1254"
"1025",15,26,5390000,13894.526,0.874,1e+06,"DK","amna_2011","DK_amna_2011","amna_2011DK1264"
"1026",15,27,5590000,18670,425.5,1e+06,"DK","amna_2011","DK_amna_2011","amna_2011DK1274"
"1027",15,28,4920000,1240.6,115.6,1e+06,"DK","amna_2011","DK_amna_2011","amna_2011DK1284"
"1028",15,29,4750000,16036.2,361.3,1e+06,"DK","amna_2011","DK_amna_2011","amna_2011DK1294"
"1029",15,30,4250000,5128.1,43.8,1e+06,"DK","amna_2011","DK_amna_2011","amna_2011DK1304"
"1030",16,1,6840000,4019.2,0,1e+06,"AJ","amna_2011","AJ_amna_2011","amna_2011AJ114"
"1031",16,2,5150000,0,0,1e+06,"AJ","amna_2011","AJ_amna_2011","amna_2011AJ124"
"1032",16,3,4220000,21670.8,280.6,1e+06,"AJ","amna_2011","AJ_amna_2011","amna_2011AJ134"
"1033",16,4,3840000,0,0,1e+06,"AJ","amna_2011","AJ_amna_2011","amna_2011AJ144"
"1034",16,5,4440000,7242.95,9.55,1e+06,"AJ","amna_2011","AJ_amna_2011","amna_2011AJ154"
"1035",16,6,5210000,7801.4,17.2,1e+06,"AS","amna_2011","AS_amna_2011","amna_2011AS164"
"1036",16,7,6980000,1152.5,0,1e+06,"AS","amna_2011","AS_amna_2011","amna_2011AS174"
"1037",16,8,6360000,297.8,120.5,1e+06,"AS","amna_2011","AS_amna_2011","amna_2011AS184"
"1038",16,9,6350000,90.7,0,1e+06,"AS","amna_2011","AS_amna_2011","amna_2011AS194"
"1039",16,10,5020000,15834.8,250.9,1e+06,"AS","amna_2011","AS_amna_2011","amna_2011AS1104"
"1040",16,11,6370000,2490.5,149.6,1e+06,"ER","amna_2011","ER_amna_2011","amna_2011ER1114"
"1041",16,12,5690000,2190.4,65.5,1e+06,"ER","amna_2011","ER_amna_2011","amna_2011ER1124"
"1042",16,13,5820000,10487.9,1729.2,1e+06,"ER","amna_2011","ER_amna_2011","amna_2011ER1134"
"1043",16,14,5690000,204.76,3.04,1e+06,"ER","amna_2011","ER_amna_2011","amna_2011ER1144"
"1044",16,15,6020000,497.8,31.7,1e+06,"ER","amna_2011","ER_amna_2011","amna_2011ER1154"
"1045",16,16,5e+06,138200.5,3198.7,1e+06,"CR","amna_2011","CR_amna_2011","amna_2011CR1164"
"1046",16,19,4340000,140751.2,7480.3,1e+06,"CR","amna_2011","CR_amna_2011","amna_2011CR1194"
"1047",16,20,5530000,980.5,263.7,1e+06,"CR","amna_2011","CR_amna_2011","amna_2011CR1204"
"1048",16,21,5630000,13187.5,996.5,1e+06,"CW","amna_2011","CW_amna_2011","amna_2011CW1214"
"1049",16,22,6640000,70494.9,3024.2,1e+06,"CW","amna_2011","CW_amna_2011","amna_2011CW1224"
"1050",16,23,5040000,7114.9,470,1e+06,"CW","amna_2011","CW_amna_2011","amna_2011CW1234"
"1051",16,24,4410000,106787.5,6140.9,1e+06,"CW","amna_2011","CW_amna_2011","amna_2011CW1244"
"1052",16,25,5260000,16727.5,2899.5,1e+06,"CW","amna_2011","CW_amna_2011","amna_2011CW1254"
"1053",16,26,4900000,21643.6,455.3,1e+06,"DK","amna_2011","DK_amna_2011","amna_2011DK1264"
"1054",16,27,6540000,11314.9,350.5,1e+06,"DK","amna_2011","DK_amna_2011","amna_2011DK1274"
"1055",16,28,4840000,182.9,105.1,1e+06,"DK","amna_2011","DK_amna_2011","amna_2011DK1284"
"1056",16,29,5460000,10044.8,427.3,1e+06,"DK","amna_2011","DK_amna_2011","amna_2011DK1294"
"1057",16,30,4540000,4234,100.6,1e+06,"DK","amna_2011","DK_amna_2011","amna_2011DK1304"
