iter,rho,burst,iota_N1,iota_N2,phi_N1,phi_N2
1,0.298876667,5.203688917,0.52837152,0.511148449,0.929101654,1808.55013
2,0.132412634,3.748426368,0.239045883,0.924380817,3.150166572,2789.255185
3,0.413324942,5.236208446,0.357546378,0.942606509,1.551134588,195.0457505
4,0.440007609,5.052461519,1.079649105,0.999707823,0.905244282,804.5607966
5,0.220318881,5.598093179,0.636589135,1.021750403,1.722515522,6558.210785
6,0.254207405,5.173034398,0.307036341,0.532930844,0.927689039,155.7832171
7,0.319122357,3.793394168,0.669260595,0.932756191,2.126230147,103.94377
8,0.377459158,5.133258066,0.764043405,0.806497153,0.719700281,182.4005276
9,0.506411649,4.8068125,1.341112519,1.113213001,1.342449189,99.35527089
10,0.231694705,5.690477831,0.629131271,1.284062967,2.047283221,151.4186777
11,0.275192683,5.089011546,0.75395177,0.476626208,0.680778478,60.16807923
12,0.207725597,3.626430402,1.31055327,1.10569424,1.107096212,692.9262588
13,0.29859048,5.133854794,0.624623491,0.821801968,0.799819349,162.341284
14,0.524849449,5.131949616,3.378121009,0.783829151,0.472243069,115.004418
15,0.264961095,6.044630995,0.705673164,0.917296719,0.900325186,181.5394249
16,0.235896795,5.499708921,0.719847333,0.553817125,0.087852552,206.3508826
17,0.257793992,3.545378488,0.936530555,0.652702279,1.210615923,206.4799902
18,0.334957943,5.050515414,1.024771237,0.719075517,0.775074433,163.7986022
19,0.841828605,4.890161309,1.197367909,0.930549842,2.612993839,132.335553
20,0.382334361,5.715936749,1.017516963,1.070766213,2.999776252,259.6534705
21,0.222549937,5.210963009,3.156486587,0.840555461,0.093934306,219.2594269
22,0.154859829,3.94609619,3.088876658,0.904834669,0.07947414,275.5796319
23,0.286189432,5.051193976,3.358950295,1.074906817,0.349330066,282.2454183
24,0.460586358,5.170078475,3.329759573,0.894649365,0.19357751,245.9774882
25,0.207254431,5.609764795,3.125930949,1.016894615,0.569530541,333.9890186
26,0.236030178,5.037286499,1.826359738,0.55999576,0.316972863,502.9677321
27,0.124509702,3.629637838,1.828965206,0.847142309,0.381509639,193.6961286
28,0.238075571,5.144802073,1.696409118,0.982599065,0.247095862,402.9705964
29,0.602744531,4.935319354,1.825283107,0.96377311,1.412671296,248.2328262
30,0.165510953,5.435207944,1.818215492,1.268063522,0.658936927,336.624613
31,0.400299262,5.323001062,0.622854097,0.346825046,0.527491439,451.1680589
32,0.244447456,3.695242146,1.523045708,0.839886525,0.507358237,103.9896724
33,0.431919931,5.311037804,1.274929875,0.918737118,0.803101208,1628.181247
34,1.017443242,4.837872026,2.022084013,0.654256952,2.019319036,118.5160077
35,0.170588898,5.649515045,0.66157042,1.35945848,1.202612708,323.6030663
36,0.384923638,5.112470769,0.518198292,0.499849555,1.420003985,371.005769
37,0.220168982,3.78561427,0.619629275,0.911085714,0.717000834,33.81208022
38,0.456332217,5.324041688,0.903315195,0.989080011,1.104178447,416.3785323
39,0.790034493,4.804880582,0.58550654,0.715902096,8.345223407,197.3591859
40,0.191528501,5.577389007,0.58364523,1.305183189,2.098187111,120.6113317
41,0.268059026,4.975800414,1.021308949,0.59945775,0.529055827,487.9575265
42,0.104908081,3.665470699,1.69204788,1.081485797,0.273677339,3362.497144
43,0.224823217,5.178973241,0.828870567,1.157054105,0.436083731,445.6799053
44,0.724328838,4.899208163,1.745380476,0.732246813,2.03107603,35.4252746
45,0.184370219,5.600901419,0.896283843,1.388144422,1.240707769,234.8966343
46,0.234078965,5.15355183,1.197994861,0.613697339,0.276316221,1365.360498
47,0.271802067,3.599269017,1.131299014,0.976090372,1.134392693,312.9222367
48,0.280248385,5.173200742,1.084330245,0.858735637,0.209553575,203.0949193
49,0.728397377,5.190336317,1.266031394,0.777938929,1.710622623,254.9328394
50,0.212827313,5.727276476,0.930617702,1.27696693,1.177851455,628.9788106
51,0.259526576,5.079312552,1.030701816,0.430701358,0.506841657,1659.446054
52,0.208420375,3.782240522,1.459833065,1.055600518,0.626381614,1524.578066
53,0.264084063,5.251720658,0.553049331,0.814129609,0.456367098,233.463673
54,0.505234583,4.904342736,1.261871556,1.033211883,1.092797056,180.1846106
55,0.189347575,5.717196815,0.832524759,1.322159155,0.989443528,486.8493688
56,0.323514604,5.173041499,0.508151164,0.474861003,1.235325287,698.9090408
57,0.067850942,3.702782385,0.395607682,1.182838497,1.306823151,823.3246581
58,0.336271967,5.038929725,0.866805946,0.998387348,1.398530192,580.6179774
59,0.875213115,4.661482127,1.776309925,0.836419491,3.073441543,275.7777717
60,0.239236383,5.511009425,0.899219691,1.422178009,2.036121054,368.6019304
61,0.196943862,5.020300357,0.882476562,0.560182769,0.371071101,92.69372662
62,0.161199983,3.656897925,0.917625976,0.758007221,0.64103052,719.471901
63,0.452289595,5.238959648,0.602811364,0.895705567,1.950917241,582.7418016
64,0.535335934,4.904336281,2.241319995,1.080703742,0.815317064,609.1566278
65,0.153261588,5.60783964,1.828368382,1.365470658,0.548457806,3077.422939
66,0.162795601,5.222931666,1.109662369,0.580725539,0.109282846,242.3822275
67,0.274135068,3.608764052,0.988672483,1.165407858,0.964569625,214.7540843
68,0.295317798,5.145470342,0.823760337,0.981023533,0.629307699,199.6585508
69,0.847413077,4.967559424,0.953643375,0.806563963,2.921522578,152.6453187
70,0.198227807,6.018548126,1.097962681,1.208437084,0.383482203,229.738809
71,0.298759633,5.187324665,1.217024487,0.666175039,0.671067893,29.76103703
72,0.122685022,3.686386211,0.976924522,0.941815499,0.525464646,65.17305021
73,0.165580045,5.285164047,0.696804624,1.182140123,0.508226189,116.1351454
74,0.63859458,4.704307378,2.523737884,0.668101434,0.958741319,107.8652003
75,0.148138206,5.584605323,2.409282034,1.425404436,0.391714719,99.71869904
76,0.211998646,5.126733662,1.351439683,0.617387723,0.10901677,879.5396496
77,0.26588822,3.663919411,1.844434058,1.100500206,0.411654204,312.1974613
78,0.380787694,5.243768333,1.416193037,0.931990491,0.376087428,1202.568187
79,0.460333215,5.03668093,2.176819015,1.141130769,0.495015802,170.7063439
80,0.208106155,5.493231632,1.489673214,1.495236222,0.929799174,264.5405393
81,0.27221134,5.129142144,0.501696543,0.477284262,0.689411221,623.9508349
82,0.113100818,3.567782865,0.879105262,0.976076486,0.758383003,706.9846242
83,0.346278208,5.238734368,0.615042103,0.83106258,0.801007262,665.7283804
84,0.444487728,4.916040094,1.002661261,1.057394402,0.822502084,801.3274128
85,0.189305664,5.475843457,1.541668002,1.418699608,0.851106594,608.1388446
86,0.235111422,5.212299968,0.621916275,0.654316389,0.733707332,26.89226374
87,0.261593643,3.673849583,0.971205698,0.871828859,1.244843691,2266.491221
88,0.37467072,5.295786885,1.029392071,1.007283709,0.882570993,49.21946172
89,0.538550523,4.722218341,1.132575675,1.067753788,2.1087886,78.83199151
90,0.15310844,5.699846778,0.588951289,1.266088913,1.194056684,1107.071029
91,0.346447829,5.181564056,0.474433036,0.595791597,1.67791803,826.7179586
92,0.260002921,3.794262505,0.658513604,0.711179535,1.429290829,224.1843212
93,0.279229982,5.258270539,0.260751513,0.964387534,1.757534521,237.9953544
94,0.545780808,4.956302443,2.004892074,0.855864369,1.316064601,374.6151929
95,0.255924371,5.60934936,0.683304284,1.153164929,2.304397229,281.6864151
96,0.278120954,5.163648138,0.279061093,0.47216178,1.539111534,86.69961675
97,0.17043908,3.588627516,0.786738544,1.038831526,1.246129027,91.85177578
98,0.352232999,5.308913351,0.953998192,1.110215838,0.856699082,77.00485612
99,0.473886848,4.930593256,1.810206061,0.921542777,0.852101635,68.42010519
100,0.251818604,5.500215745,1.302807744,1.256420546,1.203640746,73.6736313
101,0.248418479,5.036800974,1.684479578,0.525088339,0.357900967,2296.371371
102,0.118363637,3.809920983,1.165849595,1.035226591,0.167341155,630.9021466
103,0.37003402,5.256500331,1.086883918,1.119441124,0.839983798,32.68681762
104,1.021652776,4.981010675,2.257911671,0.688510049,2.420457601,609.8959873
105,0.20874426,5.826951908,1.234745779,1.231052965,0.903182248,2098.295506
106,0.245306607,5.3042915,1.436462158,0.499085782,0.138264334,414.253134
107,0.161339133,3.645947368,2.307307957,1.012253594,0.237187596,1609.443185
108,0.267587223,5.173263654,2.918881808,0.876003256,0.140034138,2539.418486
109,0.51144296,4.906519255,4.062479632,0.988962756,0.448074488,30.3426603
110,0.187754438,5.595979636,1.833618793,1.423988294,0.39473291,1214.647351
111,0.376920449,5.064520847,0.286649826,0.451525047,1.730626942,209.3009339
112,0.196591586,3.600948084,0.618509629,1.016400463,1.994028709,423.6462204
113,0.344028023,5.229499644,0.544923825,1.09681443,1.717736177,48.30391251
114,0.464355208,5.095039759,0.851338907,0.910302323,2.020202312,143.5781919
115,0.189083898,5.437076711,0.703292253,1.238650512,1.830869476,297.5423437
116,0.233185291,4.998204447,0.50920231,0.400813672,1.315594895,1371.2508
117,0.171334851,3.68444707,0.88416469,0.978764213,1.001259724,785.191556
118,0.414084578,5.232435556,1.244846364,1.005442881,1.051720562,290.542982
119,0.626908006,5.178927091,1.480455054,0.980045452,1.489600647,209.5677138
120,0.233189753,5.455556892,1.154516528,1.349917313,1.85727123,146.1011399
121,0.192666357,5.207320504,1.079550825,0.546911953,0.157074344,74.95712898
122,0.187125735,3.669001375,0.525261407,0.911825035,2.134860536,181.411312
123,0.135779209,5.16582415,1.671796951,1.152117641,0.160453918,99.5209797
124,0.791450371,4.804512228,1.050388845,0.98591532,2.888275549,141.5973183
125,0.238122947,5.619761923,1.022189109,1.080247857,1.004091876,133.2387349
126,0.20716813,5.14195724,1.505945555,0.451957324,0.170835382,284.3608111
127,0.355903747,3.539733712,0.741892422,1.000638023,2.441074016,140.8459652
128,0.3712846,5.034573152,1.434944152,1.009929133,0.711173411,213.4750512
129,0.505893077,4.970808941,1.029291524,1.105205894,1.580324203,81.25126236
130,0.245600885,5.648268155,0.755311707,1.204332068,1.903945888,209.0529531
131,0.319929249,5.1368962,0.367068956,0.428356348,1.322512766,441.7444266
132,0.16851619,3.772230007,0.639622278,1.028121144,0.888255983,163.156677
133,0.286752625,5.082745509,0.881418647,1.074154509,0.842413596,70.41408791
134,0.676059466,4.922805194,1.917040377,0.995955566,1.438434899,957.045874
135,0.287593039,5.726605856,1.657626477,1.236257507,1.432433658,788.9163505
136,0.302329244,5.003384536,0.878976754,0.585993843,0.410121094,590.1590518
137,0.131387613,3.702890526,1.176620054,1.015939646,0.652268483,121.9520591
138,0.209640431,5.25612304,1.087854999,0.880903421,0.321329813,145.2568237
139,0.656018355,4.915272783,1.141732651,1.004681952,2.132227159,24.8088926
140,0.244092816,5.371343259,1.33551151,1.060756312,1.250804443,143.7686762
141,0.243181355,5.333147584,0.744981318,0.491028312,0.311249024,258.1462611
142,0.22594758,3.652102269,0.35760155,0.920778354,2.996068356,572.5553027
143,0.347546605,4.987192909,1.257963877,0.687002686,0.608114063,165.2519769
144,0.527645509,4.862934754,2.191334489,1.062540584,0.67747536,113.4703216
145,0.264767839,5.56977298,0.735606077,1.069457622,2.456869891,204.2954162
146,0.354687091,5.16023825,0.473153564,0.368400826,3.029884089,138.4723371
147,0.335121246,3.829742301,0.627454119,0.90564667,2.88518177,73.03764525
148,0.39872848,5.066768736,0.499974383,1.023286808,2.625479753,304.0403017
149,0.758988812,5.133718769,0.624089318,0.683602005,3.106887527,67.78785153
150,0.21883552,5.72475894,0.45619015,1.114764417,2.428263215,1212.043468
151,0.284430661,5.298780616,2.651223454,0.481431895,0.129654987,221.0531674
152,0.236180738,3.843184567,0.79064029,0.976512004,0.47915359,153.8980475
153,0.238492229,5.263605935,0.651477928,1.151145734,0.468575684,76.34702094
154,0.653906859,5.014158322,1.209295357,1.205916697,1.915721791,147.9055396
155,0.174991921,5.328463914,1.769010811,1.536478207,0.931170629,238.315248
156,0.385344959,4.928809559,1.115755372,0.62959946,0.978296018,449.4564992
157,0.16519926,3.559850746,0.751272861,1.061384132,1.296264162,112.6895503
158,0.339707195,5.219551341,0.958912841,0.958409862,0.8736825,699.5523324
159,0.528817586,4.905338443,1.014761793,0.968877237,1.746286978,312.1488129
160,0.313982008,5.348242689,2.096303545,1.337495723,1.427776855,138.123435
161,0.218642115,5.205036249,0.925217797,0.597836561,0.198237102,215.6615104
162,0.150430289,3.868151519,0.32025214,1.134214232,0.959417244,130.2075967
163,0.366625973,5.17443834,0.906233236,0.710177809,0.9110985,1380.261317
164,1.074740972,4.962915407,1.189157652,0.688660134,3.17807051,330.0400942
165,0.268630139,5.662813584,0.780038725,1.265003202,2.078947889,211.1742759
166,0.225952577,5.270274268,1.077693788,0.527240082,0.372648393,592.4635937
167,0.174508546,3.760917139,2.324347419,0.834404883,0.205313504,537.1335304
168,0.219299436,5.193322464,1.975363619,0.953457006,0.255242211,555.5993285
169,0.666311386,4.676253283,2.441731594,0.787287136,0.973033406,963.4909878
170,0.183027294,5.514766931,1.44415369,1.455256804,0.86459325,505.2271247
171,0.229624381,5.18907496,0.753038511,0.483567485,0.264210957,221.9657909
172,0.098809681,3.540603395,0.798989428,0.764418761,0.529704733,156.4568247
173,0.316461545,5.032867707,0.966361014,1.089843693,0.71993101,206.3611082
174,0.530098844,4.893978233,2.271110889,1.078562899,0.509988558,140.0313074
175,0.207875324,5.854091476,1.221656423,1.177635668,0.454667161,229.1917502
176,0.299736643,5.140712275,0.418941767,0.566542407,1.929429078,483.0378882
177,0.244631132,3.543732199,0.559309367,1.032472653,4.454779274,281.5385012
178,0.18001504,5.107067174,0.281498386,0.974891035,1.300889613,113.6428797
179,0.574325997,5.051235864,0.986112617,0.858850388,1.519074518,76.46258434
180,0.244943878,5.574537926,0.539469295,1.309320406,2.540591465,876.4471739
181,0.231997412,5.158203842,0.193299476,0.5674681,0.818029687,34.79114728
182,0.296772108,3.641409195,0.864447261,0.771558365,1.176326295,26.46222312
183,0.402357152,5.208250525,0.667790263,1.102840882,1.175947282,37.06300747
184,0.604759232,4.846633804,1.747756095,0.937746446,1.328953514,17.34435212
185,0.182639521,5.50757226,0.769603101,1.327306507,1.581043447,134.4450297
186,0.237638015,5.200618588,0.811889598,0.504539227,0.65651063,229.6995122
187,0.060908028,3.656628852,0.706997367,1.244117813,0.900136241,427.8824296
188,0.180510978,5.068585359,0.985493638,1.045075998,0.734698442,276.3164657
189,0.777624795,5.073488124,3.308389538,0.938529137,0.810099481,742.1808586
190,0.185064602,5.679138358,1.227520392,1.178374244,0.703197438,361.7924667
191,0.314873212,5.081873455,0.444264071,0.546895092,0.745966727,128.7508552
192,0.212136769,3.608662886,1.41112466,1.194511711,0.569199861,36.51986005
193,0.149410977,5.326480112,1.220274416,1.270547013,0.216276318,8.379999762
194,0.388754999,4.948074078,1.461546731,1.239438948,0.884154963,1007.506248
195,0.204697229,5.542650171,1.062169991,1.32573279,1.623110509,3946.783323
196,0.25355525,5.253390818,1.092287561,0.569231936,0.094416766,731.9421142
197,0.138838346,3.82417639,1.05387542,1.185615694,0.241150004,119.2996727
198,0.317800906,5.365178658,2.246595376,1.204531735,0.339750113,26.61228108
199,0.521747499,4.863952674,1.296635571,0.789819537,1.42094538,64.78456223
200,0.191540017,5.628710586,1.50522104,1.000194471,0.244219453,661.7807351
201,0.227109301,5.285979859,1.263680753,0.623336029,0.377838024,147.7366571
202,0.321075125,3.573327443,0.538113948,1.046029976,3.145830637,74.28742798
203,0.481166097,5.113293113,0.642989105,0.968354117,1.98385833,96.12265527
204,0.736388456,5.208876566,1.278701777,0.757731107,1.141179029,214.562643
205,0.263142835,5.59730801,0.680498812,1.047882005,3.624871996,80.33145758
206,0.252315023,5.257360461,0.729573268,0.593257865,0.369547325,119.8666243
207,0.165862107,3.710186844,0.71179464,0.93581282,0.55970414,214.314196
208,0.247662256,5.285013135,0.716387756,1.022962884,0.47698717,377.6501576
209,0.453088896,4.919404668,0.705804669,1.229543975,1.9002895,341.4808497
210,0.233362442,5.642323352,0.707883983,1.058589549,0.995476967,300.2421929
211,0.205804927,5.217585315,1.112045818,0.452334681,0.195059534,1056.305594
212,0.129532732,3.64638856,1.630998897,0.738982326,0.177899699,332.2518693
213,0.325690559,5.310636248,1.686213918,0.776137035,0.420132094,139.9508534
214,0.605457258,4.815716375,1.365598227,0.891657961,1.93489999,178.3283942
215,0.167685391,5.535976879,1.355492442,1.58871786,0.887938099,372.7712498
216,0.159987263,5.170014875,1.099352558,0.543830216,0.092524057,367.9484579
217,0.143009649,3.83111923,0.981192193,0.877126924,0.227065477,1154.367938
218,0.409792373,5.350727677,0.994478018,1.109646165,0.339793096,315.3589219
219,0.559903211,4.928706107,0.896832601,0.997912612,2.010025236,398.6058448
220,0.386017287,5.495063928,0.976415089,1.334958638,2.543998318,184.5625263
221,0.232743793,5.292919202,2.403549117,0.486074248,0.050438689,1528.458246
222,0.195422889,3.683764926,2.417714084,0.922407963,0.18698342,33.815228
223,0.242198558,5.170236682,2.516965289,1.030926545,0.165920178,324.6254849
224,0.406538717,4.927311702,2.273271696,1.230425458,0.484489937,76.21493175
225,0.134704,5.8889212,2.157444896,1.382733581,0.304187774,1082.975992
226,0.225686899,5.405598712,1.132553803,0.548409077,0.168444424,827.9729861
227,0.231721602,3.881688548,1.452865708,1.077626521,0.368475547,532.0458172
228,0.268519547,5.261474654,1.105192054,1.018599443,0.380978108,69.2296013
229,0.57631515,4.788546596,1.482795772,0.806544295,2.201863349,133.1928089
230,0.270944097,5.91000234,1.095542095,1.031515481,1.383122945,420.1962168
231,0.218812289,5.100774612,0.526934411,0.597528437,1.137942481,56.3018006
232,0.208880537,3.691026269,0.524347294,0.900462052,1.663296061,312.2997104
233,0.226571847,5.220750579,0.578437637,1.085452853,1.326909287,76.92135357
234,0.582293251,5.031984309,0.546695447,0.968163153,3.605752252,86.12966792
235,0.26937515,5.54379345,0.550901877,1.179251745,3.389436473,336.3389195
236,0.187453604,5.157412642,0.464459422,0.67969129,0.491428136,78.30664377
237,0.136898219,3.748352279,0.399135306,1.164745909,1.093857428,1608.062149
238,0.34791194,5.176596452,0.778855809,0.863356121,0.767144625,169.0512993
239,0.559810344,4.858464299,1.247690938,0.934790541,2.168579411,474.3635741
240,0.237236414,5.322677522,0.901160664,1.286896572,2.768697171,253.7287696
241,0.312727011,5.287775128,0.341968064,0.845749304,1.97079962,5.651191394
242,0.182452093,3.723400236,0.665875463,1.170393472,1.288460989,45.03904061
243,0.294025606,5.347636942,0.547595115,0.980398091,1.129667221,88.05168827
244,0.675106446,4.697001132,1.692128308,0.852531421,1.189034621,18.4680534
245,0.174781978,5.680439446,0.512736843,1.105570831,1.44467388,164.5085551
246,0.296813999,5.237277096,0.318260232,0.460702322,1.43203503,344.0146926
247,0.25339493,3.705126556,0.551506736,1.077580627,1.666805191,3836.436969
248,0.230757842,4.980143965,0.527348469,0.872011742,1.809003483,764.8017474
249,0.433971661,5.116063767,0.772041409,1.100552018,1.628805495,1076.690791
250,0.246815024,5.431073188,1.355997428,1.335572222,1.736829061,190.8091861
251,0.236093156,5.480378708,1.652452901,0.49494343,0.082966994,1352.199506
252,0.130422355,3.766066947,2.099209197,0.904625482,0.182938313,1450.005001
253,0.214805962,5.415509235,0.693101554,0.951821299,0.35861811,11159.96923
254,0.430176294,4.910910562,1.230484943,0.885624978,1.029725664,96.97105861
255,0.19762327,5.942236049,1.092486944,1.357406258,0.418687826,699.2232228
256,0.378090626,5.294016572,0.918309297,0.435778445,0.989419093,93.55466531
257,0.28948259,3.74737018,0.606439122,0.991850554,1.477420064,270.8635536
258,0.362373434,5.303346304,0.698825932,0.949060956,1.153457372,53.29029352
259,0.483895935,4.980121451,0.833048782,1.196878963,1.155049088,925.9926476
260,0.215918252,5.63495732,0.761677412,1.237345204,1.268508786,117.7364571
261,0.229172114,5.268783839,0.264526904,0.532283173,1.478110163,63.12829026
262,0.223271433,3.894584115,0.246526499,0.89755117,2.171927835,83.60930619
263,0.452707617,4.929310287,0.70821245,0.796799534,2.304548387,367.8594329
264,0.611953066,4.896219356,1.063290961,0.676792217,1.97099876,119.0447383
265,0.261106421,5.498891785,0.919869979,1.63052288,2.267207733,40.85497193
266,0.308248909,5.143875898,1.448598622,0.516412228,0.579133458,84.58160865
267,0.271128888,3.540744573,1.365723886,0.636634959,0.898185301,95.68341139
268,0.319853599,5.296839953,1.358917165,0.869342026,0.439766324,96.9416317
269,0.679691796,5.284690566,1.526501732,1.071158849,1.51967313,77.54223938
270,0.254172121,5.426041915,1.399464531,1.378928729,1.322027875,112.7346663
271,0.290941679,5.418713532,0.713092265,0.537594516,1.054060806,35.87554342
272,0.191323083,3.691071613,1.023718585,1.095325888,1.176242668,789.3147773
273,0.378926652,5.066013377,0.504722876,0.636720642,2.261055653,114.5782164
274,0.376086476,5.009675633,0.580995922,1.010131324,1.662034954,118.6257689
275,0.317749741,5.48110882,0.747552148,0.974163148,8.043611896,202.5412633
276,0.23276096,5.191860676,11.68372326,0.490057312,0.026579362,668.9904127
277,0.147966027,3.789621607,11.25741868,0.870595127,0.015980687,221.3534877
278,0.24605947,5.218383755,24.95064197,1.203888123,0.017929725,978.8467616
279,0.633754731,5.008369552,44.32720915,0.87297159,0.027817806,78.17540486
280,0.145402445,6.000911946,31.29151421,1.400292801,0.012532001,1277.047994
281,0.250148396,5.466846996,1.186042366,0.446762973,0.23085274,1115.727982
282,0.214897484,3.564964747,0.976152633,0.861912893,1.103570903,2454.730415
283,0.4091916,5.187595785,1.091289578,0.83305153,0.528449417,192.5101734
284,0.64322711,5.289961136,1.738412039,0.86400858,1.179625376,398.5639287
285,0.227725718,5.505372758,1.24372371,1.459678445,1.0442792,489.4346641
286,0.352773378,5.319357806,0.806166535,0.440567408,0.205757058,333.4419088
287,0.163338147,3.598213213,1.183942271,0.980436338,0.698768511,669.0690579
288,0.267034936,5.138214412,1.109389272,0.872235837,0.601562541,746.1415893
289,0.606004676,5.175898683,1.388762197,0.822517781,0.980959155,1428.539578
290,0.217027017,5.604188409,1.252756824,1.503714131,1.077080155,367.7292164
291,0.232580899,5.215556982,0.954287531,0.505032163,0.313096551,446.9703438
292,0.116292733,3.544880449,0.693707909,0.840613019,0.65951983,305.3554929
293,0.492096703,5.09892315,1.372597117,0.770601409,1.004608587,286.8309762
294,1.175190287,4.900597096,1.995423833,0.518782629,2.892720037,389.9927596
295,0.477898626,5.392295586,1.165274791,0.824635958,4.2010637,724.9416487
296,0.234693868,5.412509034,0.55617532,0.516787368,0.425584109,2323.614529
297,0.15561871,3.693701203,1.945469475,0.842009693,0.235297267,95.08889031
298,0.323704611,5.087397711,0.870436179,0.726680571,0.483044711,156.9408198
299,0.652954809,5.023324932,1.703312344,0.730140503,1.071438965,23.80606766
300,0.145071664,5.775822918,1.200388306,1.298565066,0.452998607,1518.236441
301,0.37989628,5.12299394,0.542955553,0.647416022,2.259277334,54.75164806
302,0.400382468,3.704133301,0.784385942,0.568694582,1.961103941,118.9537871
303,0.350245766,5.28695873,0.294648433,0.882660628,3.331879416,85.72980945
304,0.515313384,5.007004469,1.663359185,1.140977129,0.5635508,80.88332799
305,0.230794976,5.510896205,0.742997419,1.481789594,1.271930554,176.0225023
306,0.233804101,5.006981158,0.742235568,0.573672185,0.804068923,189.9643692
307,0.178874767,3.909350855,0.404282201,0.945189549,0.975022424,71.210535
308,0.411149494,5.180329658,0.620459821,0.637891584,1.113646613,306.0005357
309,0.448589212,4.961124433,0.753084729,1.193736733,1.14692879,52.00831031
310,0.170277188,5.714089979,0.529453788,1.203149925,0.982645517,1137.409531
311,0.225355324,4.95542827,0.890115013,0.675111529,0.502862952,48.72897912
312,0.080099784,3.630729812,0.651282494,1.023735755,0.895122684,296.1513638
313,0.422257064,5.196395272,0.790982139,0.847519446,1.368090785,77.46549007
314,0.868184404,5.121163022,0.918729446,0.82195921,2.552281498,247.2624452
315,0.256091968,5.647418732,0.654208753,1.22008994,1.786419524,286.3862079
316,0.207383788,5.073458474,0.921109588,0.478831676,0.414180712,3790.200981
317,0.207841112,3.559837971,0.809883676,0.861175807,1.151849158,1659.411054
318,0.183734891,5.195651913,0.717961165,0.753218074,0.554445492,1509.028378
319,0.632411747,5.168716082,1.283164321,0.8407684,0.907513402,817.0523977
320,0.2300981,5.513833244,1.414314841,1.163288841,0.863149075,8068.414155
321,0.272585669,5.395999456,0.968735717,0.564537993,0.945108196,12.00900502
322,0.103407402,3.794915975,0.323507014,1.302932554,2.284600706,56.14139227
323,0.397193287,5.118160221,0.863322081,0.999491979,1.854894287,56.50160735
324,0.839182032,4.687712186,2.555915327,0.417586625,2.48217876,70.78341902
325,0.239147263,5.824733501,0.498993699,1.07643383,1.771493908,117.1651948
326,0.308814723,5.014168034,0.64167152,0.463895317,1.559319,1161.333441
327,0.154665392,3.772684519,0.519902558,1.111601083,1.623098603,1190.160803
328,0.395947717,5.263329331,0.65393147,0.839287194,1.593993413,826.6683033
329,0.528613589,4.767560536,0.940844304,0.928248668,1.702399153,368.2117547
330,0.190697607,5.60542373,0.794396091,1.290252515,2.035897314,154.1943532
331,0.213986169,5.115749184,1.111709236,0.62578496,0.303088096,1896.953421
332,0.145393853,3.505791057,1.020964747,1.058545258,1.440016691,1844.412012
333,0.317563502,5.367451316,0.775619755,0.80040258,0.461817287,762.7974979
334,0.451641069,4.927480972,1.073608852,0.996473351,0.930349198,804.122595
335,0.18512458,5.676929115,0.62968763,1.221556595,1.608464205,306.0628512
336,0.239601779,5.091159789,0.195695419,0.661407213,1.903588637,62.37737252
337,0.185227987,3.57188677,0.614906372,0.843099114,1.421274859,855.270078
338,0.335499447,5.207053272,0.663649599,1.045569869,1.571257931,29.71425068
339,0.456632057,4.93103814,0.896755196,1.056160594,2.026283371,330.4435153
340,0.224096478,5.482060306,0.966413626,1.101292868,2.056992387,52.08605192
341,0.215068453,5.183198879,1.174614213,0.431936526,0.139680186,348.5290694
342,0.200474399,3.697706749,2.965379366,0.798801828,0.248382345,195.8986008
343,0.23154616,5.165852045,3.079267957,1.049068325,0.162322318,225.6411699
344,0.50248497,4.845302961,4.900325152,1.14888482,0.258496139,116.9041923
345,0.169916032,5.844450012,2.652722403,1.485534651,0.139845999,245.3243589
346,0.380332163,5.447863566,0.270547441,0.448945851,2.54373074,405.1314857
347,0.172206189,3.754918367,0.330171645,1.299372601,2.304126636,316.6430001
348,0.337986278,5.203444914,0.572667099,1.04310151,2.204272718,123.2051334
349,0.498670188,4.820718331,0.874888796,0.810288687,1.780090589,231.5294406
350,0.27594505,5.657049906,0.686798602,1.187984848,2.642903107,428.2902539
351,0.304216726,5.262803612,0.755482547,0.490039514,0.43731076,358.6474391
352,0.260855949,3.636994617,1.128159953,0.778973306,0.85413833,559.064515
353,0.4037785,5.188781479,1.074088148,0.787100992,1.342739649,280.1266821
354,0.687607767,4.806012101,2.175170809,0.88501565,1.575450403,38.10906962
355,0.199070472,5.41180431,1.229862622,1.366898645,1.755804805,589.0869204
356,0.224269917,5.060867238,1.782961642,0.648284426,0.12800936,174.5510099
357,0.110171167,3.696987581,2.706146967,1.170848056,0.212424248,1159.064683
358,0.236570441,5.049260677,2.11109182,1.019836127,0.123773067,169.7348043
359,0.494173535,5.09304227,1.979993474,1.067417481,0.432201676,494.8673867
360,0.144804025,5.612230897,2.538190295,1.341919219,0.259425076,352.5120875
361,0.371620933,5.392651604,0.538138308,0.387935875,0.722228184,127.431239
362,0.148458864,3.699725678,0.552462951,0.945444205,0.717614495,475.9182607
363,0.295979839,5.071625827,1.235040891,0.948481524,0.613958268,555.7694407
364,0.84681018,4.566086856,3.993665525,0.477860412,0.784439984,269.5227718
365,0.169337571,5.640687288,1.581939756,1.223258018,0.714128765,217.3115328
366,0.23612362,5.129310996,0.421245305,0.441705923,1.152208016,303.0535552
367,0.150875278,3.660359271,0.727702863,0.999787703,1.044590972,518.0529437
368,0.49567157,5.156223708,1.226287602,1.123789891,1.095824156,279.4708913
369,0.773419763,4.992401126,2.175199557,0.920210883,0.942298351,212.5882309
370,0.190796109,5.582006831,1.463354698,1.66642337,1.157784659,572.8792724
371,0.346586416,5.115551187,0.655245326,0.424750561,1.658420594,91.91564812
372,0.122655459,3.712443719,0.384812918,0.878943417,1.466674496,100.6861064
373,0.565869919,5.087172235,1.028301303,0.861950151,1.390321752,94.62229265
374,0.664073085,4.920267392,0.796857631,0.946846828,2.416913399,90.71431166
375,0.311606417,5.687556515,0.872921386,1.119178231,1.786076312,95.01365217
376,0.209876131,4.999337006,0.663722825,0.436662635,0.942561396,525.2588367
377,0.445559345,3.619505601,1.211104887,0.828231706,1.458304085,8081.51472
378,0.310096617,5.186563081,0.612180352,0.910447528,1.365142023,839.6587208
379,0.60768566,4.953722525,1.907971367,0.787164929,1.462552248,568.1425182
380,0.231105112,5.649712701,0.704655303,1.113688102,0.982878454,220.5827036
381,0.240184594,5.209064493,1.029473629,0.647687495,0.313866103,544.1378842
382,0.164334107,3.618661113,1.654525319,0.731062045,0.562319474,3589.699846
383,0.330077693,5.221282095,1.331383341,0.821305712,0.513128795,815.5001767
384,0.591427631,4.8999949,1.638286259,0.912082436,1.24667424,230.2006983
385,0.171737784,5.525241431,1.718484461,1.526548739,0.742207106,4212.834572
386,0.246792408,5.251856845,0.570527495,0.575743048,0.584034398,55.01903575
387,0.275570028,3.824945322,0.679517595,0.851903855,1.043323808,23.86535953
388,0.299152243,5.260417988,0.463841159,0.938985745,0.572455708,28.46580152
389,0.594048418,5.17037918,0.856985698,1.063015059,1.452651647,26.98585732
390,0.256313288,5.378299569,1.662395594,1.436314036,1.458255392,88.22977951
391,0.164481091,4.982285364,0.905246972,0.681861,0.60956216,54.9049794
392,0.194627222,3.742058297,1.422167657,0.886573698,0.561829094,53.24316512
393,0.397255768,5.120672755,1.161262069,0.74602364,0.662463541,58.10150139
394,0.754216632,4.694227551,1.818108974,0.723874793,1.739590375,53.3393817
395,0.19996951,5.51445001,1.749231856,1.056336933,1.320254032,65.67566978
396,0.346090902,5.166529498,1.063983331,0.509451741,0.386394156,140.5969432
397,0.248578763,3.687044227,1.058355857,0.977794364,0.955688221,828.4956682
398,0.18828,5.110163784,1.045011715,0.919339391,0.340716323,52.12576474
399,0.406331944,4.862974608,1.057129447,1.079795054,1.08224087,66.56017613
400,0.135352831,5.697189626,1.110307351,1.800701207,0.651515815,98.33962893
401,0.233860894,5.199200345,0.350350577,0.563258449,0.710007071,53.28686667
402,0.199928246,3.697812505,0.897433385,0.902969948,0.559497704,358.8887538
403,0.349021774,5.317194519,1.47139021,0.834612488,0.655181046,70.98226147
404,0.517601998,5.04333469,3.486781647,1.084470382,0.476387015,75.05516123
405,0.170252563,5.717359358,1.049302289,1.282980197,0.621736831,356.5474757
406,0.242880201,5.149239188,0.974923682,0.637252386,0.729144142,66.90155688
407,0.285868184,3.763450218,0.627318636,0.877764318,0.875524599,119.3828612
408,0.297494119,5.026671117,0.708886141,1.07280431,1.193427996,118.4484086
409,0.47843956,4.88681354,1.092831392,1.038099571,1.879366501,79.14346441
410,0.258174983,5.821674383,0.886476091,1.36817296,1.257828029,351.1741866
411,0.337085138,5.283875336,0.284032303,0.594355754,1.797518918,102.8269444
412,0.221790669,3.648655496,0.529427335,1.499988303,4.661820762,46.34623278
413,0.430040563,5.205733985,0.370260849,0.979199319,5.8596592,76.71929103
414,0.832232367,4.843769177,0.844799748,0.893304825,12.1284606,14.27648519
415,0.244921354,5.589645707,0.52259226,1.121750146,5.147888631,202.7704392
416,0.244555332,5.278225093,1.431226447,0.536434425,0.178422728,11872.54811
417,0.139029014,3.805066619,0.940802045,1.092291575,0.367482194,34.32784183
418,0.48507882,5.176721882,1.377182526,0.854116788,0.756751622,1187.31517
419,0.629049877,4.967607726,1.244958303,1.064734326,1.993955391,102.6977381
420,0.182186065,5.651194645,1.159589236,1.270048598,0.787505478,96.7436081
421,0.196913558,5.232440196,0.776994187,0.642110251,0.338156282,185.3792294
422,0.13856161,3.607482909,1.150380915,0.78150781,0.319988193,182.7160361
423,0.32916151,5.312995581,1.247897747,0.779362412,0.2809623,181.2214196
424,0.437588686,4.950240063,2.347431308,1.079647703,0.531590007,170.2211646
425,0.138656391,5.579219047,2.036795149,1.360677303,0.383258544,179.5726454
426,0.36888594,5.047055471,1.430253435,0.468860122,0.648501286,1463.652644
427,0.166045188,3.56014778,1.023440916,0.983666082,0.832013769,300.8909198
428,0.395742385,5.415663878,0.935081967,0.719063908,0.836474037,180.7889251
429,0.599707008,4.789932027,1.700647584,1.137304941,0.790002072,257.4362407
430,0.191110506,5.689475479,1.56354138,1.737175406,0.808968183,228.0490409
431,0.265018684,5.188419185,1.406443289,0.518444817,0.150238162,5441.946065
432,0.103837922,3.586123115,1.814997232,1.333379289,0.449785054,226.8672635
433,0.30549217,4.933981166,1.692753536,1.009488885,0.306351711,1414.651502
434,0.445202969,4.733204642,1.638603494,0.947906444,0.57388177,565.9308042
435,0.173236076,5.640565451,1.808619081,1.645579296,0.39612722,1808.386837
436,0.314175962,5.16168503,0.567495121,0.459593992,0.708370478,390.9293489
437,0.187449962,3.67484239,0.569171979,1.001004788,1.755566496,223.9784217
438,0.267383652,5.265339866,0.303404015,0.973296161,1.375878658,91.31328552
439,0.497220437,5.011735731,0.554632671,1.195542201,2.52223582,21.78334794
440,0.342908862,5.282678888,0.971897613,1.244593834,4.799629344,207.5255452
441,0.317858588,5.333332984,0.451289583,0.596598555,0.861560087,90.49883853
442,0.141371251,3.556976287,0.835377542,1.124152365,1.156488427,50.57699722
443,0.374052303,5.296815985,0.897773806,0.940967148,1.164048556,94.46641877
444,0.63432868,4.945672474,1.363985942,0.914249139,1.299713547,43.64833348
445,0.170777049,5.515504045,1.095188451,1.250071005,1.037710584,180.8122165
446,0.341888996,5.24679647,0.283083208,0.423361613,1.596308007,271.8906625
447,0.20142074,3.854496893,0.393298087,1.008489349,1.128690066,156.1338093
448,0.303865726,5.214147388,1.605400952,0.841382102,0.38135034,1600.581163
449,0.710802782,4.747870071,1.421994761,0.66246847,3.3308894,1324.488994
450,0.205857748,5.858157471,0.650367088,1.265865697,0.517950658,792.5403607
451,0.342867149,5.223394012,0.339232277,0.544444568,1.935692746,16.27817461
452,0.208728835,3.628248195,0.763162101,0.902555102,1.013186269,1034.364248
453,0.885201288,5.198195308,1.190343034,0.783169877,3.919151132,20.74280595
454,0.56815808,4.820120714,1.809042676,0.720459987,1.394449646,200.2926921
455,0.157028481,5.72019237,1.092009497,1.298020615,1.128443455,113.6211106
456,0.366932098,5.398940548,0.320638067,0.42215015,1.841808427,124.2808713
457,0.181938198,3.760588698,0.285861518,0.912204004,1.667378335,311.4297284
458,0.24655462,5.076161432,0.354157077,1.005007631,1.087631514,901.962873
459,0.732206828,5.063833895,0.754188995,0.875016048,2.988065783,126.7551478
460,0.290326965,5.803311834,0.807868851,1.317956567,2.006150531,96.3392636
461,0.234579193,5.333931019,0.358562862,0.412643782,0.671304349,554.2471257
462,0.200633541,3.670575167,0.492470466,0.707774076,2.308829911,2091.259935
463,0.414259593,5.221103448,0.913575721,0.574127684,1.684108018,457.6511825
464,0.481506398,4.819106748,0.842014455,1.175074842,2.218202307,99.43931524
465,0.144782091,5.695347266,0.71816181,1.452932815,1.42509045,143.655132
466,0.292072256,5.146346761,0.609532537,0.451734138,0.815948408,232.9449031
467,0.141229887,3.64459838,0.58158092,0.861241878,0.887371514,2297.42161
468,0.28593522,5.076328074,0.748142058,0.879104447,0.731762866,547.7354324
469,0.750783952,5.162729091,0.990871349,0.872182365,1.674576162,2276.017015
470,0.251123678,5.417834367,1.143124554,1.069075849,2.009640024,1703.003555
471,0.265385476,5.265542543,0.142276551,0.49730779,1.917751029,186.2701731
472,0.167409969,3.713916137,0.595261925,1.053869401,1.977389787,241.7088464
473,0.359428642,5.336608987,0.239837958,1.030149076,1.923092595,164.1953338
474,0.661212097,4.986721054,1.150391989,0.917121938,1.978553329,1132.301926
475,0.129898457,5.75602028,0.237458759,1.234978369,2.224083145,201.0217512
476,0.258068258,5.275466511,0.520419316,0.523389643,0.82633895,48.51585873
477,0.147350707,3.697654857,0.567322552,1.065341703,1.195877063,46.23721618
478,0.311000116,5.382606086,0.413248384,1.074348576,0.959456442,31.00006942
479,0.59240339,5.107033543,1.40568649,0.96482538,0.858313822,75.72209106
480,0.187289021,5.685087164,1.94554862,1.529208094,0.761901233,81.08253247
481,0.296041917,5.149814272,0.408049237,0.518733475,1.564995591,915.9836319
482,0.154133904,3.666037781,0.802936998,1.060759111,1.437564847,432.4099814
483,0.226581502,5.048359773,0.746300412,0.938602425,1.167013646,388.3075763
484,0.576817921,4.895239495,1.049697086,0.867031042,1.370790662,183.6671047
485,0.235225444,5.831957598,0.857633398,1.163241021,1.49719981,235.8273598
486,0.354007794,5.343335249,0.409810754,0.519415285,1.21684132,76.75348908
487,0.24040569,3.535270682,0.610213265,0.712106785,1.602757287,165.8174041
488,0.38459184,5.251793732,0.613861668,0.844643053,1.338640375,815.0568813
489,0.595643284,4.718658653,1.721487619,1.259562307,1.603968427,48.10742798
490,0.262180144,5.556292785,0.710289494,1.403583006,1.767847864,161.9269845
491,0.245464219,5.188895869,0.62343862,0.530533011,0.436160779,233.8971611
492,0.197518546,3.622921164,0.635752237,0.946219548,0.824874658,57.61664141
493,0.239501027,5.047735255,0.656350152,1.280186219,0.741758945,15.76644515
494,0.544129148,4.899987456,2.586289783,1.066983793,0.909108204,66.4222634
495,0.138728012,5.917054514,0.634040303,1.187415789,0.652499678,1360.15158
496,0.291547274,5.354499287,0.628611277,0.544675463,0.362665036,54.71252216
497,0.208673859,3.61810095,0.569550312,0.79652797,1.041111926,156.851212
498,0.241335595,5.185262379,0.504724127,0.848659974,1.707880351,1435.479876
499,0.710771672,4.891117033,1.507167662,1.001727834,1.527160897,885.9098202
500,0.228977065,5.518172594,1.061142347,1.177433062,1.803899843,751.3735807
501,0.28204818,5.222434759,0.565199507,0.532797499,0.205563571,284.2854579
502,0.123240322,3.536834185,4.187829393,1.041345519,0.1657333,230.2058994
503,0.255173117,5.119817474,4.822908384,1.12388046,0.156634552,71.15515195
504,0.592071787,4.943025938,7.194835449,0.600847749,0.18329653,120.6044625
505,0.105937159,5.411128289,4.256876267,1.627358568,0.210171,60.79642546
506,0.209108706,5.053208808,0.496666345,0.494186967,0.975035633,22.39929537
507,0.225879291,3.806472694,0.573547034,1.201002846,0.978419374,14.01956906
508,0.202828764,5.1752653,1.424170284,0.973314353,0.497172453,199.7431281
509,0.532238818,5.075027777,1.027832629,0.882848218,1.14215441,636.3250382
510,0.265142755,5.459806694,1.209999939,1.318970309,1.819064432,187.4800871
511,0.24519232,5.14125059,0.311354109,0.586358653,1.210206147,80.94298133
512,0.180963028,3.687782114,0.395761178,0.971747096,1.401202397,115.8603969
513,0.323812607,5.062457459,0.690704461,1.058112724,1.401357812,84.85946121
514,0.767598872,4.979581145,1.980022346,0.661343528,1.387061629,92.16708941
515,0.104681553,5.512000822,0.623174705,1.525224567,1.246301562,80.45921863
516,0.257555087,5.32637863,3.13967446,0.608788133,0.0877208,918.9530731
517,0.10661605,3.866265842,4.556734032,0.965823075,0.048003369,994.0048383
518,0.240730704,5.124872256,4.83592351,1.187897234,0.066704643,996.625152
519,0.506308352,5.123754532,5.114893308,0.81852887,0.197471654,194.5998496
520,0.163915115,5.562244888,5.073253693,1.72106499,0.242884964,404.464235
521,0.328192619,5.077138496,0.593845437,0.505047767,1.450055311,170.0386016
522,0.137564488,3.664183926,0.505844363,1.000722906,1.189828065,72.30565133
523,0.234238981,4.994557896,0.772573634,1.076112759,1.375219042,329.5015441
524,0.484817611,5.010102764,0.843327789,0.977365075,1.680022211,328.8560847
525,0.216743642,5.406243576,0.947940622,1.301472083,1.498775058,47.95312445
526,0.243950803,5.368367133,0.697310621,0.563636903,0.536127742,431.7126193
527,0.136442911,3.538797455,0.887715984,0.953890494,0.765965678,1678.683467
528,0.410358682,5.112338359,0.636891072,0.890597712,1.017124357,94.27575286
529,0.719150351,4.816729675,1.555677595,0.865555985,1.927199881,25.44600598
530,0.244825727,5.735483189,1.125809868,1.271319073,1.239690308,379.1953447
531,0.304892861,5.181835557,0.857236926,0.514476162,0.794523639,123.2496149
532,0.132460507,3.627862421,0.623525793,1.032955774,0.888725766,467.1972568
533,0.324707441,5.237658912,1.249523845,0.801003947,0.823377042,150.8041247
534,0.655533917,5.132000588,1.411125981,0.838985006,1.879988861,29.25109894
535,0.210855519,5.610235087,0.897544906,1.547165763,0.941719624,541.5570273
536,0.335997116,5.473442353,0.871951937,0.474238822,0.394165926,585.6625699
537,0.11630874,3.856919629,0.909195806,1.123484138,0.288839334,510.2879704
538,0.488305631,5.183643313,1.132292505,0.70171729,1.704539899,678.992197
539,0.591078558,4.750592702,0.987415796,1.170444546,2.069800364,640.7380102
540,0.171209941,5.643580973,0.951236958,1.326965747,1.131811659,725.7345535
541,0.293035731,5.191981671,0.530106788,0.471661397,0.327515573,877.5429704
542,0.270220588,3.818770614,0.487161423,1.127140898,2.227870786,60.51375303
543,0.395725265,4.960647352,0.69722918,0.705182077,0.848086026,23.97337307
544,0.704369133,4.95436049,1.605818631,0.834911148,1.37692956,92.84333757
545,0.324051275,5.567191518,1.481427313,1.218393403,1.74715712,115.3729627
546,0.366004796,5.208193499,0.352659226,0.391151949,1.998635621,288.5958738
547,0.286957267,3.512874794,0.934058485,0.547987459,1.858896153,438.359845
548,0.304664542,5.158109845,0.299107578,0.689446787,2.149386627,68.51763596
549,0.659832271,5.036785078,1.608109763,0.754368365,1.342672792,191.0112079
550,0.210166052,5.354356486,0.935943222,1.340357466,1.702702035,1509.897483
551,0.271915968,5.206068411,0.353591978,0.540340114,0.878834019,455.1167271
552,0.208260406,3.631823757,0.721522029,1.018263614,1.542241249,571.6989376
553,0.393939368,5.143374078,0.509304328,0.912746468,1.253967782,370.8212084
554,0.585047671,5.123121732,1.777394954,0.804960965,1.028671516,80.81727554
555,0.196346557,5.690021516,0.790048788,1.363524369,1.10642218,226.2183727
556,0.388416834,5.173985055,0.256556666,0.4800463,2.547126554,187.2260128
557,0.149757746,3.745173549,0.494723279,1.202647264,2.465402559,80.24585452
558,0.375870874,5.317020707,0.419492925,0.828084559,2.445202011,64.40224398
559,0.741342613,4.978408214,1.06108718,0.877439717,2.687366583,144.1604852
560,0.241141753,5.565066631,0.770716761,1.349884611,2.55769672,180.2469789
561,0.289033661,5.180803572,0.86353292,0.531367412,0.411578611,159.1951898
562,0.286936857,3.638997515,0.996656637,0.644884475,1.263771045,500.9033628
563,0.306419505,5.419918587,0.909030605,0.945358505,0.51872528,96.07278447
564,0.525709566,4.770276532,1.518756938,0.728645383,1.91039677,190.928703
565,0.292134313,5.575186754,1.11767536,1.06625338,1.312567098,238.3251869
566,0.330421885,5.102294704,0.532596897,0.511894896,1.775748718,1251.798942
567,0.166638353,3.402198427,0.921357838,0.738327082,0.730732805,262.7520415
568,0.408238556,5.272543701,0.792510113,0.671364662,0.434861763,702.9804549
569,0.678882734,4.877134207,1.201942682,0.828878627,1.972699443,41.46525514
570,0.203069583,5.53877945,0.847523074,1.127352382,2.423555969,388.3471423
571,0.322089173,5.108978549,0.755768192,0.42072937,1.907140893,2664.402093
572,0.199253424,3.642969386,0.283085874,1.073866966,3.466967226,2129.056019
573,0.47196463,5.213381066,0.667174828,0.654975578,2.084574373,542.3358693
574,0.517485228,4.920373035,0.96981104,1.213042844,2.458383462,23.26488513
575,0.305253283,5.519239877,0.684541144,1.105052634,4.188288252,439.0637347
576,0.176595856,5.174106617,0.342232858,0.758603863,1.007929537,39.86453772
577,0.154682441,3.812739215,0.454207183,0.924102274,1.002544215,304.7707327
578,0.262536418,5.042672663,0.552195267,1.009564434,1.993861198,376.0454122
579,0.697721659,4.769945915,1.229025758,0.916485349,1.590407543,21.1382714
580,0.188323758,5.656844841,0.483950779,1.326589182,2.264220528,226.0202084
581,0.35492649,5.280070155,1.339472243,0.758523301,0.523036558,27.87454497
582,0.168170029,3.734103678,1.72798041,0.721378229,0.364273909,53.46214722
583,0.36845121,5.301713601,1.456008803,0.800759036,0.560607239,278.882617
584,0.863467577,4.800763428,1.331349774,0.526911259,4.092758221,2551.105916
585,0.361603529,5.544685523,1.718322463,1.173387041,2.536356267,340.6509023
586,0.238538843,5.028194711,0.301478856,0.513284749,1.094448639,232.8558789
587,0.11509545,3.657864654,0.590752574,0.955218292,0.96311693,1570.26924
588,0.415027423,5.23712033,1.154190808,0.912105875,1.090437342,154.8894243
589,0.698135441,4.924146187,1.784680032,0.964067621,1.100159749,85.45993541
590,0.219244603,5.680062298,1.018145473,1.408273389,1.059638944,96.92544819
591,0.278479532,5.25052054,0.687191996,0.510005579,0.642362723,116.968975
592,0.064568112,3.789958507,0.58900104,1.128372064,0.563206954,1622.081611
593,0.512985047,5.231552004,1.041842982,0.928189584,1.06014136,9.988394222
594,0.467260109,5.043025243,0.757737226,1.138704408,1.505828657,9.542858252
595,0.201447222,5.610875894,0.832283548,1.346633187,1.820348454,473.5463549
596,0.384927679,5.297482512,0.487624585,0.544942916,2.105072948,91.40617833
597,0.101738225,3.61229404,0.440227336,0.861017001,1.452286841,148.7634703
598,0.583909563,5.364957929,0.562867133,0.837428981,1.881676307,32.46331814
599,0.669984368,4.969818672,1.228300213,0.871329444,1.539470388,80.42220168
600,0.297763927,5.478930169,1.115610838,1.146397901,2.432313734,54.69648158
601,0.230698919,5.097303637,0.700692057,0.5727762,0.976375837,146.7961981
602,0.13421097,3.52185367,0.685212113,0.632140133,1.378846676,121.9754887
603,0.232612989,5.11536859,0.753670238,1.440342888,1.337907476,16.87101936
604,0.478968958,5.052800561,0.781750858,1.298168322,1.653613321,44.48681326
605,0.171034211,5.85849369,0.660314729,1.22103845,1.353756717,675.5672891
606,0.325806545,5.074102469,0.236203466,0.313042724,2.51658188,281.0341131
607,0.153371919,3.715442204,0.216551542,0.879785076,1.789105366,385.9038955
608,0.414999697,5.264961885,0.651458778,0.720092601,2.343247784,236.9793583
609,0.678898934,4.771037473,1.258821559,1.04189557,2.408580676,216.7717982
610,0.238292231,5.483229552,1.099107026,1.531892303,1.512279239,307.7081884
611,0.348666612,5.134651206,0.456491118,0.383889248,2.652985265,1434.560587
612,0.131149579,3.660026103,0.622377575,1.223031074,1.096425241,22.41886939
613,0.344332832,5.249370859,0.478557513,0.800663571,1.957112171,289.4106758
614,0.619822739,4.711794544,2.072813258,0.661051593,1.032480167,22.56996269
615,0.232001885,5.597531533,0.816596496,1.129844619,1.318177201,251.3909378
616,0.226166587,5.001344671,0.52387448,0.637707115,2.545447114,8.216233898
617,0.229416395,3.612483721,0.513764301,0.805751047,3.272807494,23.17082181
618,0.482045411,5.275774064,0.567812485,0.750218903,1.634759862,203.9109122
619,0.754546161,5.140475224,1.372847318,0.755344885,2.602186809,20.92993046
620,0.188618859,5.549506871,0.591618487,1.037676686,3.571576514,113.9969187
621,0.306484927,5.322532651,0.485205477,0.548336689,0.865994825,373.7645323
622,0.130812949,3.861884871,0.260980665,1.154797382,1.275502038,78.75869329
623,0.31075324,5.331226978,0.725242867,0.780179576,0.774303653,103.3439245
624,0.663470272,4.867932856,1.524648948,0.794262583,1.775590145,542.5510221
625,0.218222566,5.389717529,1.810728112,1.540960391,1.008767838,571.104588
626,0.255690547,5.078956715,1.358707219,0.643519955,0.230520469,1190.436521
627,0.307391177,3.551396896,2.19783523,1.00249592,0.394591131,810.1637711
628,0.284774931,5.082516122,1.340751933,0.857800282,0.60845124,867.6021364
629,0.504434165,4.995609211,1.317510709,1.148179185,0.981705501,63.35952884
630,0.129981842,5.632075261,1.578994358,1.261213734,0.126114339,1051.309144
631,0.171343536,5.177202131,1.273274445,0.5202643,0.134484479,1324.455933
632,0.186857922,3.670211753,1.953224414,1.054150315,0.311939992,181.6747703
633,0.360826482,5.057363949,1.099566738,0.710850199,1.126309842,197.7972739
634,0.947679255,5.083561775,0.941503214,0.695657822,2.95309952,306.4022358
635,0.160414215,5.427728362,1.456080867,1.402892058,0.887836085,9701.631301
636,0.29863681,5.06035307,0.735470609,0.407656746,1.078499203,181.3860098
637,0.161632536,3.618778458,0.811719687,0.968181285,0.790974177,177.8091438
638,0.266373026,5.141701429,0.594816691,0.744353221,0.852444801,64.17778871
639,0.550864227,4.981464241,0.959994867,0.934005521,3.031977201,335.2509872
640,0.213986888,5.480360685,0.849774642,1.382957619,1.642554228,288.9888529
641,0.320283173,5.117095014,0.396205394,0.475899968,0.882776315,291.0758333
642,0.133542961,3.490290334,0.614448982,0.969557108,1.727577551,98.28374541
643,0.409865459,5.251537801,0.555492881,0.829479339,1.93995786,625.6781369
644,0.477696367,4.819423406,1.236133274,1.048848599,1.16357087,66.35132847
645,0.248328807,5.461144601,1.158243416,1.342300433,1.562133058,143.7439217
646,0.258473911,5.337969786,0.196329154,0.498794156,1.908402574,616.1894959
647,0.233992306,3.613010504,0.772423954,0.80346414,1.587812846,771.3064294
648,0.437701217,5.126990102,0.893769311,0.732247581,1.749853875,677.0066621
649,0.719343202,4.8255825,2.393023812,0.8727492,1.78518419,675.4252383
650,0.223521433,5.697152211,0.60981012,0.917301145,1.454008211,498.8260873
651,0.150161681,5.131344706,1.411070138,0.597787857,0.089726251,3455.731798
652,0.227582293,3.782800037,0.685806972,0.82755257,0.885429059,200.0235416
653,0.299731586,5.302726203,1.264445122,1.003023393,0.669294053,1410.5157
654,0.596623665,4.844127091,1.027138337,0.80598672,2.753457791,463.1532228
655,0.24580262,5.52041248,1.066939607,1.26563198,1.953918372,680.0001745
656,0.253434994,5.188498217,0.518935017,0.496580154,1.004836543,261.9166684
657,0.090574105,3.738409925,0.549104518,1.22706995,1.175391263,61.34923515
658,0.38958362,5.378280149,0.80417013,0.829285271,1.279303043,27.25524419
659,0.603138926,5.034470363,1.468758827,0.944236102,1.189241597,31.56104635
660,0.163822078,5.554405047,0.91778553,1.355595991,1.334990685,112.0000494
661,0.237095044,5.202503649,0.631703068,0.408954653,0.598456552,593.6470128
662,0.177139663,3.847027253,0.710643814,0.879717096,0.768986719,306.2737187
663,0.300182949,5.179868448,0.826340587,0.943864839,0.771659134,241.4544237
664,0.594969267,5.045908439,1.228212035,0.901226222,1.246001308,39.01995151
665,0.208773186,5.678960931,0.960799794,1.284461069,1.026885748,318.1055074
666,0.276810835,5.17573104,0.665777535,0.602109029,0.754155088,189.6458217
667,0.265913603,3.681141416,0.57496014,1.071335955,1.53099193,54.05870898
668,0.304204271,5.092791568,0.795548565,0.924718429,0.813955922,38.24007248
669,0.489713943,4.927159134,3.291961456,1.21663395,0.427768112,189.5878182
670,0.24029514,5.380437664,1.01310194,1.206458454,2.139658752,637.415612
671,0.358022768,5.130225284,0.854266334,0.471820796,0.837269371,479.8514625
672,0.16841354,3.755510835,1.577951072,0.898421602,0.304158305,156.8454297
673,0.395708207,5.238609261,1.769624227,0.838262056,0.265487574,515.2451805
674,0.569034226,5.116182075,1.415137807,0.903249522,1.35813295,437.7430862
675,0.133307499,5.704266422,1.259087905,1.569385293,0.51768681,563.3428912
676,0.262185083,4.938300032,0.777085865,0.426276881,1.38053019,1141.260319
677,0.132428679,3.714255027,1.059192756,0.926038508,0.389782225,1379.936322
678,0.242000094,5.018464574,1.878287988,0.76876352,0.333501894,499.0068564
679,0.601683198,4.920736721,0.940668546,0.814988638,2.956042219,202.1678576
680,0.274231272,5.465733016,1.046534217,1.526379165,3.043061301,91.6942254
681,0.252644817,5.370725545,0.313604813,0.455998882,0.782413634,65.08269602
682,0.158288596,3.628733853,0.943832137,1.100510264,0.786278468,95.94989853
683,0.347527399,5.014773664,1.210591311,1.076405531,0.872636893,54.86371954
684,0.622019408,4.930665507,1.035231273,1.018421037,1.19357468,27.26379616
685,0.197524974,5.628683391,1.238175736,1.290023427,0.723195478,289.5671939
686,0.339915989,5.192278034,1.191935349,0.526431607,0.782236944,171.1305753
687,0.123623974,3.557510493,0.918269625,1.141197998,0.90201812,130.3862533
688,0.319797173,5.156049671,0.654218108,0.859314452,0.695546247,215.337106
689,0.572540418,4.906393001,1.330143748,0.86468912,1.187825262,225.1402285
690,0.148245905,5.625472815,1.014798373,1.565881175,0.617019544,204.3403696
691,0.278642767,5.121311859,0.407609553,0.496423953,1.332283521,27.40692206
692,0.141194577,3.691915645,0.612411626,0.885302589,1.291651507,122.1276802
693,0.367651796,5.027336072,0.773113075,1.047384759,1.426752976,17.36591109
694,0.608725855,4.83799678,1.459802574,0.787531546,1.384619042,1935.111975
695,0.226703157,5.618969519,1.155105254,1.291966138,1.254209379,480.1079356
696,0.212679009,5.310271487,2.057467401,0.567473426,0.076374599,463.0237432
697,0.227933513,3.782052341,2.078654404,0.880646206,0.370324782,200.579924
698,0.242465989,5.232283072,2.079724706,1.225265287,0.302251024,102.177567
699,0.531868281,4.910019703,1.326541174,0.949562456,1.000428188,174.3405906
700,0.159303265,5.574492448,1.75295185,1.354603439,0.30408736,261.946761
701,0.279430759,5.340134326,0.997151483,0.539845567,0.290889548,490.4377134
702,0.19009578,3.653949982,1.183464005,1.072709187,0.611106029,1626.531247
703,0.386684049,5.130599417,1.824710807,0.718226979,0.477693577,2185.697064
704,0.852130066,4.920489263,1.573043076,0.763977788,2.105755349,1402.995172
705,0.233614553,5.622476532,1.450445779,1.396113167,0.646168127,966.0595518
706,0.278663026,5.33081676,0.686399978,0.638109548,1.10367443,1179.230584
707,0.200834288,3.571002144,1.186031782,1.117178432,0.805450071,865.5446679
708,0.342157973,5.119061019,1.028662425,0.897026882,1.131659352,295.2308637
709,0.490539104,4.902823939,1.448520033,0.965349082,0.775252345,77.2210648
710,0.203603791,5.399998112,1.3198658,1.465504398,1.338409227,704.6197265
711,0.258794398,5.340200887,0.928171189,0.498308466,0.3208393,2607.152769
712,0.218864751,3.590599016,0.702707285,0.763965302,1.981651041,41.66842761
713,0.265970308,5.08435838,0.813923662,0.658636641,0.714480434,663.2968455
714,0.494844439,4.88033076,2.106644622,0.847150493,0.840544769,1912.405818
715,0.140516082,5.487653919,0.743148768,1.335103012,0.883300589,3200.458735
716,0.247736325,5.234050424,0.708082561,0.557300471,0.588749297,82.07849938
717,0.210445136,3.81590995,1.417983061,1.150422968,0.282255172,83.79579686
718,0.238649549,5.165155737,1.558935584,0.96569613,0.440891084,84.71916795
719,0.701853507,4.966431946,1.70852796,0.681548268,1.38052688,88.68218866
720,0.215705688,5.479907192,1.591808981,1.357803658,0.627380519,82.74152814
721,0.286133524,5.135056715,0.74656292,0.604934053,0.596691007,51.3845716
722,0.230878936,3.475337684,0.661076707,0.76679002,4.467386524,133.6052947
723,0.403041925,5.169994088,0.579911433,0.766997387,1.688256271,70.47252949
724,0.678509962,5.015210934,1.060677106,0.916299322,3.203687752,89.75128751
725,0.316398429,5.718017991,0.950550765,1.158048921,2.348430655,173.7883859
726,0.275032765,5.103107174,0.963897532,0.643255183,0.507840067,81.62159177
727,0.164883886,3.788641773,0.969884526,0.95261247,0.35405491,180.1570535
728,0.275872175,5.347965292,0.964332815,1.249495338,0.59742016,16.41108019
729,0.63791849,4.910077823,0.977474609,0.785348103,2.713252448,6.581518167
730,0.21845498,5.540760106,0.956539302,1.123722259,1.52388035,469.8860279
731,0.262879117,5.383477226,2.381851063,0.534961372,0.099338554,13620.14105
732,0.089396082,3.538727646,2.320227405,0.941747979,0.289360349,2276.574407
733,0.27480769,5.165489169,2.31632965,1.234809213,0.172591198,891.5782371
734,0.648935362,4.780778438,2.305285007,0.958461625,1.027279327,147.5728257
735,0.137739756,5.698628339,2.351821667,1.70393018,0.226919958,2010.515731
736,0.230889767,5.213658043,2.418652878,0.580604438,0.118749992,6866.432035
737,0.162703954,3.80662297,1.491340342,0.80436816,0.392568334,1797.329714
738,0.28001344,5.291029722,2.652542325,0.88455248,0.131082897,1123.841991
739,0.512614981,5.137097768,3.521971147,1.016073736,0.326011043,792.2143825
740,0.131833407,5.846129691,2.208280301,1.343482245,0.250219776,952.5335427
741,0.169770511,5.281649106,3.85938828,0.677014714,0.117204181,1138.788508
742,0.160473307,3.689696344,4.922620371,0.800331345,0.083326253,1145.966372
743,0.227849308,5.195221549,3.97366543,1.029630847,0.080296935,975.3243439
744,0.570251254,4.795629794,3.473599889,0.844923935,0.325604179,599.2977185
745,0.162710451,5.866403624,2.626247532,1.3687036,0.258582853,677.9881207
746,0.286906732,5.19744374,0.57236438,0.511338119,0.716195049,227.7991038
747,0.140165068,3.566851392,1.038016409,0.879053503,0.673216664,194.2609256
748,0.193664548,4.999831089,0.55266659,0.96892609,0.618436711,81.55162353
749,0.718239086,5.128781624,1.297741404,0.978515101,1.959090057,725.0756362
750,0.251157316,5.669745551,1.412234093,1.326837435,0.996570646,816.3319295
751,0.238120575,5.148295308,1.53932801,0.713041278,0.195144928,67.24690575
752,0.097343975,3.59968146,0.826145739,0.885050401,1.07961828,62.95323366
753,0.209836141,5.186853242,1.447238868,0.95385333,0.34778751,60.57502885
754,0.593080373,4.901984188,2.343313815,0.966952743,0.774419021,72.85981412
755,0.21413649,5.511153738,1.457392651,1.149529234,0.890289813,63.78991577
756,0.205459929,5.047030894,2.456797763,0.688827043,0.118815424,859.3635727
757,0.26502583,3.643811469,3.026417524,0.746946797,0.246052146,268.9538961
758,0.133765738,5.03675084,2.659854097,0.948807639,0.124724872,655.7756354
759,0.427265069,5.338412328,2.546775901,1.173426698,0.219608976,132.7995315
760,0.157842944,5.776442513,2.697927632,1.326202598,0.205759269,393.9765261
761,0.24424835,5.296812543,2.732058332,0.590084417,0.116276728,80.56472527
762,0.111924976,3.671943462,2.721122875,1.234469684,0.18997215,258.6507474
763,0.188066604,5.094806317,2.371340689,1.246995035,0.230646502,161.4341718
764,0.672439375,5.048295449,1.402741273,0.941939564,1.118289153,257.1055252
765,0.167127459,5.569675923,1.882353789,1.572920284,0.579145413,70.33215165
766,0.311931044,5.233613302,0.598663675,0.45281746,1.05474698,237.7782902
767,0.126752593,3.660480937,0.790174424,1.119442375,0.620861503,88.35871424
768,0.264887703,5.049702181,1.344065958,1.038237161,0.547753893,132.3248538
769,0.661504412,4.903726683,1.654685919,0.839404584,1.094621923,255.4257586
770,0.146365939,5.706267635,0.718273418,1.434169998,0.793217961,134.2354139
771,0.233408552,5.319299706,0.927395202,0.643024714,0.240596109,23.95171281
772,0.096869583,3.63697879,1.27640283,0.973702717,0.347721207,384.4455095
773,0.330349792,5.216188441,0.844425469,1.045337648,0.751824906,89.68191286
774,0.47395494,5.152992627,0.899434531,0.957532101,0.846817909,492.6148296
775,0.265371095,5.355005226,1.095030707,1.200449486,2.996108227,782.3788952
776,0.191240683,5.350069109,1.060348327,0.582802292,0.15758493,567.8090338
777,0.224549946,3.689822025,1.06462086,0.862722852,0.37760056,581.9310427
778,0.513237031,5.146347476,1.058996104,1.328283263,1.690613035,11.46812058
779,0.462474089,5.074789739,1.051587463,1.052152363,0.997543545,26.10959511
780,0.199087014,5.540756368,1.067010876,1.327283063,1.134992306,77.36721915
781,0.310527753,5.13681392,0.39152859,0.557961975,1.497714761,57.91332181
782,0.137632995,3.767717311,0.581725536,1.041031692,0.971058726,126.6792209
783,0.307010363,5.326182003,0.322948726,0.871992928,1.381392019,150.4685541
784,0.886766277,4.841754883,2.711502652,0.57398462,1.715558227,33.6215135
785,0.139882276,5.697888903,1.203528507,1.549233342,0.387760285,123.6008925
786,0.247330427,5.286889476,0.361282086,0.512434961,0.546238027,19.34245438
787,0.194902851,3.644986081,0.666186943,0.900227393,1.446937876,299.0549635
788,0.447059434,5.329604813,0.839954762,0.785834891,1.098351446,129.9297998
789,0.585926349,4.932899981,1.648582339,0.980018465,0.913341754,241.7590978
790,0.204525954,5.653670051,0.779301869,1.059563314,1.520820823,395.6714175
791,0.250898667,5.334905316,1.76712014,0.60088063,0.201088371,430.3015985
792,0.221040742,3.522524676,1.660728305,0.826421855,0.417443714,218.4963012
793,0.355186972,5.014183791,1.909462331,1.112614859,0.530279525,118.681453
794,0.587120203,5.097885496,2.113389234,0.918524063,0.893352917,192.2269069
795,0.27549656,5.56475091,1.615394764,1.038061315,1.609980092,379.6013884
796,0.226511953,5.122404071,1.176594577,0.53052881,0.475065326,427.5091457
797,0.240456114,3.568647828,1.165404903,0.644782519,0.920994778,357.256342
798,0.294634745,5.095356348,0.911993804,0.810953156,0.517648983,163.7406958
799,0.490300327,4.968060218,1.309777486,1.061402251,1.452172559,49.94659209
800,0.189761589,5.589794956,1.187345455,1.292174343,0.831473468,421.8954042
801,0.333234505,5.179330861,1.661965488,0.58831738,0.273802299,1066.600913
802,0.1807977,3.792290053,0.952039374,0.987293673,0.634807542,560.0758105
803,0.432483275,5.289935557,1.083416872,1.027355924,0.710451084,199.4953382
804,0.489604359,4.940407717,1.916170934,0.828845432,0.880876126,1149.774369
805,0.300654722,5.799868354,0.977401782,1.035639763,1.361458302,1070.612421
806,0.252080099,5.310991271,0.443161584,0.512096997,0.840295943,43.79453721
807,0.10580517,3.652032688,0.854130636,0.997950372,0.7214663,164.0670004
808,0.189387603,5.163452546,0.893606965,0.853514519,0.306565367,132.0714563
809,0.512657893,5.036680013,1.344657745,0.803963657,1.313895489,286.0445658
810,0.146614266,5.512386784,0.990566197,1.206461422,1.089831624,453.3144968
811,0.266996873,5.304467839,1.577109387,0.558289074,0.241363775,91.67915629
812,0.109958317,3.618917069,1.32755696,0.98863047,0.306776259,375.2865965
813,0.23380623,5.185014354,1.387837977,0.883508864,0.373002339,116.5489408
814,0.506845191,5.241171377,1.472477001,0.898399057,0.327880803,213.6937857
815,0.140512837,5.81594213,1.278344735,1.590728443,0.336128063,88.78318218
816,0.241353921,5.429023866,0.619526362,0.462418051,0.254216655,236.2608553
817,0.256783464,3.600247329,0.830297087,0.71939413,1.143476596,278.7054347
818,0.347615636,5.20577263,0.893280408,0.982798637,0.764783561,149.6812851
819,0.575814161,4.974364193,1.04318446,0.8150528,1.722253168,40.56973857
820,0.221714509,5.451150992,0.423462761,1.16427619,6.613767467,1413.832207
821,0.215177483,5.046378433,2.291936612,0.579486445,0.119414669,1861.294394
822,0.132994611,3.821320479,0.908341157,0.931865547,0.272853784,333.6716436
823,0.291634829,5.22249882,1.661161389,1.016876517,0.257564841,678.0611417
824,0.755307127,4.797749473,3.117818252,0.972771356,1.27499077,59.81148246
825,0.106642405,5.651697453,2.883740439,1.408200253,0.139884874,383.4116362
826,0.231604772,5.237524531,2.503256991,0.644692648,0.038236072,66.82855252
827,0.211569935,3.465490028,0.795574546,0.8799334,1.644307654,118.7372609
828,0.378350899,5.234313442,1.084749324,0.930822546,0.546215697,120.698343
829,0.610310101,4.926030442,1.15735223,0.880838701,1.741747084,54.34875905
830,0.223778571,5.738030896,1.429356473,1.263514041,0.586663204,930.6948832
831,0.294494288,5.074215149,0.349929221,0.402606687,1.616286483,191.8634895
832,0.261201372,3.764164833,0.516798959,0.922202085,1.525484259,249.7340141
833,0.400962429,5.304339737,0.497544159,1.035425727,1.599147329,11.05099883
834,0.367630728,4.986536414,0.639776443,0.970564739,1.582028527,89.78289582
835,0.238830263,5.591686755,0.693559941,1.054039976,1.547337506,60.51307627